LOV4IoTDumpId,LOV4IoTTableId,ScholarAuthorId,ScholarPaperId,VocabularyIRI,Filename,Domain,Devices,Tags
LinkedGeoData,LinkedGeoData,Ieh1dKwAAAAJ,2osOgNQ5qMEC,http://linkedgeodata.org/vocabulary,LinkedGeoData.nt,location,,location;city;tourism;address;building;map;shop;highway;
GeoNames,GeoNames,"https://scholar.google.com/scholar?cites=6566589578968468847&as_sdt=2005&sciodt=0,5&hl=en",linkId,http://www.geonames.org/ontology,GeoNames.rdf,location,
NeoGeo2012,GeoVocab.org,No publication,,http://geovocab.org/spatial,GeoVocabOrg.rdf,location,
WGS84,WGS84 Geo,,,http://www.w3.org/2003/01/geo/wgs84_pos,wgs84.owl,location,
OpenStreetMap,OpenStreetMap,46NU9sEAAAAJ,4DMP91E08xMC,https://raw.github.com/doroam/planning-do-roam/master/Ontology/tags.owl,OpenStreetMap.owl,location,
Ramamonjisoa2012,Ramamonjisoa - Earthquake,https://scholar.google.com/scholar?hl=en&as_sdt=0%2C5&q=Development+of+earthquake+ontology+for+prevention+and+prediction+%5BRamamonjisoa+et+al.+2012%5D&btnG=,linkId,http://www.semanticweb.org/ontologies/2012/2/Ontology1331186342473.owl,EarthquakeEmergency/EarthquakeEmergency-Fault.owl,environment;earthquake,
Ramamonjisoa2012,Ramamonjisoa - Earthquake,https://scholar.google.com/scholar?hl=en&as_sdt=0%2C5&q=Development+of+earthquake+ontology+for+prevention+and+prediction+%5BRamamonjisoa+et+al.+2012%5D&btnG=,linkId,http://sweet.jpl.nasa.gov/2.0/geolEarthquake.owl,EarthquakeEmergency/EarthquakeEmergency-geolEarthquake.owl,environment;earthquake,
Ramamonjisoa2012,Ramamonjisoa - Earthquake,https://scholar.google.com/scholar?hl=en&as_sdt=0%2C5&q=Development+of+earthquake+ontology+for+prevention+and+prediction+%5BRamamonjisoa+et+al.+2012%5D&btnG=,linkId,http://www.semanticweb.org/david/ontologies/2012/10/EarthquakePrediction,EarthquakeEmergency/EarthquakeEmergency-EQPrediction.owl,environment;earthquake,
Kebler2015,"Kebler, Hendrix",trKFvMcAAAAJ,mVmsd5A6BfQC,http://hxl.humanitarianresponse.info/ns/,HXL.ttl,environment,
Riga2018hackAIR,hackAIR H2020,Mr_v7qsAAAAJ,7PzlFSSx8tAC,http://mklab.iti.gr/hackair/ontologies/hackairTBox,hackairTBox.ttl,environment;air quality,
Celik2015Food,Celik et al.,"https://scholar.google.com/scholar?cites=5990278369887831974&as_sdt=2005&sciodt=0,5&hl=en",linkId,http://websemantic.net/2013/FoodKB,FoodWiki.owl,food,
Ahmedi2015Water,InWaterSense Project,Y0LlWxAAAAAJ,ULOm3_A8WrAC,http://inwatersense.uni-pr.edu/ontologies/inws-core.owl,InWaterSense-core.owl,environment;water,
SmartProducts,SmartProducts,kkbdIV0AAAAJ,j3f4tGmQtD8C,http://kmi.open.ac.uk/projects/smartproducts/ontologies/generic.owl,SmartProducts/SmartProducts-generic.owl,product,
SmartProducts,SmartProducts,kkbdIV0AAAAJ,j3f4tGmQtD8C,http://kmi.open.ac.uk/projects/smartproducts/ontologies/product.owl,SmartProducts/SmartProducts-product.owl,product,
SmartProducts,SmartProducts,kkbdIV0AAAAJ,j3f4tGmQtD8C,http://kmi.open.ac.uk/projects/smartproducts/ontologies/user.owl,SmartProducts/SmartProducts-user.owl,user,
SmartProducts,SmartProducts,kkbdIV0AAAAJ,j3f4tGmQtD8C,ttp://kmi.open.ac.uk/projects/smartproducts/ontologies/process.owl,SmartProducts/SmartProducts-process.owl,activity,
SmartProducts,SmartProducts,kkbdIV0AAAAJ,j3f4tGmQtD8C,http://kmi.open.ac.uk/projects/smartproducts/ontologies/food.owl,SmartProducts/SmartProducts-food.owl,food,
SmartProducts,SmartProducts,kkbdIV0AAAAJ,j3f4tGmQtD8C,http://kmi.open.ac.uk/projects/smartproducts/ontologies/food_nutritions.owl,SmartProducts/SmartProducts-food_nutrients.owl,food,
SmartProducts,SmartProducts,kkbdIV0AAAAJ,j3f4tGmQtD8C,http://kmi.open.ac.uk/projects/smartproducts/ontologies/food_taxonomy.owl,SmartProducts/SmartProducts-food_taxonomy.owl,food,
SmartProducts,SmartProducts,kkbdIV0AAAAJ,j3f4tGmQtD8C,http://kmi.open.ac.uk/projects/smartproducts/ontologies/fiat.owl,SmartProducts/SmartProducts-fiat.owl,transportation;vehicle,
SmartProducts,SmartProducts,kkbdIV0AAAAJ,j3f4tGmQtD8C,http://kmi.open.ac.uk/projects/smartproducts/ontologies/eads.owl,SmartProducts/SmartProducts-eads.owl,transportation;aircraft,
Kolchin2013Food,Kolchin et al.,42uM92QAAAAJ,d1gkVwhDpl0C,http://purl.org/foodontology,FoodProduct.owl,food;product,
FruitsTropicaux,Fruits tropicaux,No publication,,http://www.semanticweb.org/ontologies/2008/9/Ontology_fruits_tropical.owl,TropicalFruits.owl,food,
OpenFridge2012,"Anna fensel, Christian Mayr",R73gJDcAAAAJ,hkOj_22Ku90C,http://owlrep.eu01.aws.af.cm/fridge,OpenFridge.owl,food,
ProteusLortal2011,"Lortal, Dhouib, Roux, Farges, Patin et al.",JoURnA4AAAAJ,u5HHmVD_uO8C,http://www.anr-proteus.fr/sites/default/files/download/Ontology/Proteus.owl,Proteus.owl,robotic,
ProteusFarges2011,"Lortal, Dhouib, Roux, Farges, Patin et al.",JoURnA4AAAAJ,u5HHmVD_uO8C,http://www.anr-proteus.fr/sites/default/files/download/Ontology/RoboticOntologyServices.owl,RoboticOntologyServices.owl,robotic,
Berthelon2013,Berthelon et al.,"https://scholar.google.lu/scholar?cites=8513984636908163992&as_sdt=2005&sciodt=0,5&hl=de",linkId,http://ns.inria.fr/emoca,EmotionOntology.ttl,emotion;context,
SanchezRada2013,"Sanchez-Rada, Iglesias",JLNusZ8AAAAJ,NMxIlDl6LWMC,http://www.gsi.dit.upm.es/ontologies/onyx/ns,Onyx.owl,emotion,
Lopez2008,Lopez et al.,dLaTXPAAAAAJ,d1gkVwhDpl0C,http://rhizomik.net/ontologies/2008/05/emotionsonto.owl,emotionsonto.owl,emotion,
Hastings2011,Hastings et al.,cz-hhPUAAAAJ,_FxGoFyzp5QC,http://purl.obolibrary.org/obo/MFOEM,MFOEM.owl,emotion,
CarbonaroFitness2018,"Reda, Carbonaro et al.",y6QH48AAAAAJ,Wp0gIr-vW9MC,http://purl.org/ifo,ifo.ttl,fitness;wearable;health;activity,
LaftiHIT,Lafti et al. - HIT,"https://scholar.google.lu/scholar?cites=17488700102454274197&as_sdt=2005&sciodt=0,5&hl=de",linkId,http://www.Smart-Homes-owl-ontologies.com/Behaviour_SH_Ontology.owl,HIT/Behaviour_SH_Ontology.owl,smart home;behaviour,
LaftiHIT,Lafti et al. - HIT,"https://scholar.google.lu/scholar?cites=17488700102454274197&as_sdt=2005&sciodt=0,5&hl=de",linkId,http://www.gdst.uqam.ca/Documents/Ontologies/HIT/Equipment_SH_Ontology.owl,HIT/Equipment_SH_Ontology.owl,smart home;sensor,blood pressure;body thermometer;thermometer;accelerometer;gas detector;light sensor;window;door;drawer;cupboard;fall detector
LaftiHIT,Lafti et al. - HIT,"https://scholar.google.lu/scholar?cites=17488700102454274197&as_sdt=2005&sciodt=0,5&hl=de",linkId,http://www.gdst.uqam.ca/Documents/Ontologies/HIT/Event_SH_Ontology.owl,HIT/Event_SH_Ontology.owl,smart home,
LaftiHIT,Lafti et al. - HIT,"https://scholar.google.lu/scholar?cites=17488700102454274197&as_sdt=2005&sciodt=0,5&hl=de",linkId,http://www.gdst.uqam.ca/Documents/Ontologies/HIT/Habitat_SH_Ontology.owl,HIT/Habitat_SH_Ontology.owl,smart home;room,
LaftiHIT,Lafti et al. - HIT,"https://scholar.google.lu/scholar?cites=17488700102454274197&as_sdt=2005&sciodt=0,5&hl=de",linkId,http://www.Smart-Homes-owl-ontologies.com/Person_SH_Ontology.owl,HIT/Person_SH_Ontology.owl,smart home;user;health,
LaftiHIT,Lafti et al. - HIT,"https://scholar.google.lu/scholar?cites=17488700102454274197&as_sdt=2005&sciodt=0,5&hl=de",linkId,http://www.gdst.uqam.ca/Documents/Ontologies/HIT/Software_Applications_SH_Ontology.owl,HIT/Software_Applications_SH_Ontology.owl,smart home;activity,
LaftiHIT,Lafti et al. - HIT,"https://scholar.google.lu/scholar?cites=17488700102454274197&as_sdt=2005&sciodt=0,5&hl=de",linkId,http://www.gdst.uqam.ca/Documents/Ontologies/HIT/Software_Applications_SH_Ontology_Small.owl,HIT/Software_Applications_SH_Ontology_Small.owl,smart home;activity,
LaftiHIT,Lafti et al. - HIT,"https://scholar.google.lu/scholar?cites=17488700102454274197&as_sdt=2005&sciodt=0,5&hl=de",linkId,http://www.Smart-Homes-owl-ontologies.com/Task_SH__Ontology.owl,HIT/Task_SH_Ontology.owl,smart home;activity,
CobraSoupa2003,"Chen, Finin, Joshi",p5oWQ0AAAAAJ,TesyEGJKHF4C,http://pervasive.semanticweb.org/ont/2004/06/action,SOUPA/action.owl,context;activity,
CobraSoupa2003,"Chen, Finin, Joshi",p5oWQ0AAAAAJ,TesyEGJKHF4C,http://pervasive.semanticweb.org/ont/2004/06/agent,SOUPA/agent.owl,context;user,
CobraSoupa2003,"Chen, Finin, Joshi",p5oWQ0AAAAAJ,TesyEGJKHF4C,http://pervasive.semanticweb.org/ont/2004/06/bdi,SOUPA/bdi.owl,context;behaviour,
CobraSoupa2003,"Chen, Finin, Joshi",p5oWQ0AAAAAJ,TesyEGJKHF4C,http://pervasive.semanticweb.org/ont/2004/06/device,SOUPA/device.owl,product,
CobraSoupa2003,"Chen, Finin, Joshi",p5oWQ0AAAAAJ,TesyEGJKHF4C,http://pervasive.semanticweb.org/ont/2004/06/digital-doc,SOUPA/digital-doc.owl,document,
CobraSoupa2003,"Chen, Finin, Joshi",p5oWQ0AAAAAJ,TesyEGJKHF4C,http://pervasive.semanticweb.org/ont/2004/06/document,SOUPA/document.owl,document,
CobraSoupa2003,"Chen, Finin, Joshi",p5oWQ0AAAAAJ,TesyEGJKHF4C,http://pervasive.semanticweb.org/ont/2004/06/event,SOUPA/event.owl,context;event,
CobraSoupa2003,"Chen, Finin, Joshi",p5oWQ0AAAAAJ,TesyEGJKHF4C,http://pervasive.semanticweb.org/ont/2004/06/geo-measurement,SOUPA/geo-measurement.owl,context;location;measurement,
CobraSoupa2003,"Chen, Finin, Joshi",p5oWQ0AAAAAJ,TesyEGJKHF4C,http://pervasive.semanticweb.org/ont/2004/06/img-capture,SOUPA/img-capture.owl,context,
CobraSoupa2003,"Chen, Finin, Joshi",p5oWQ0AAAAAJ,TesyEGJKHF4C,http://pervasive.semanticweb.org/ont/2004/06/knowledge,SOUPA/knowledge.owl,context,
CobraSoupa2003,"Chen, Finin, Joshi",p5oWQ0AAAAAJ,TesyEGJKHF4C,http://pervasive.semanticweb.org/ont/2004/06/location,SOUPA/location.owl,context;location,
CobraSoupa2003,"Chen, Finin, Joshi",p5oWQ0AAAAAJ,TesyEGJKHF4C,http://pervasive.semanticweb.org/ont/2004/06/meeting,SOUPA/meeting.owl,context;activity,
CobraSoupa2003,"Chen, Finin, Joshi",p5oWQ0AAAAAJ,TesyEGJKHF4C,http://pervasive.semanticweb.org/ont/2004/06/person,SOUPA/person.owl,context;user,
CobraSoupa2003,"Chen, Finin, Joshi",p5oWQ0AAAAAJ,TesyEGJKHF4C,http://pervasive.semanticweb.org/ont/2004/06/policy,SOUPA/policy.owl,context;policy,
CobraSoupa2003,"Chen, Finin, Joshi",p5oWQ0AAAAAJ,TesyEGJKHF4C,http://pervasive.semanticweb.org/ont/2004/06/rcc,SOUPA/rcc.owl,context,
CobraSoupa2003,"Chen, Finin, Joshi",p5oWQ0AAAAAJ,TesyEGJKHF4C,http://pervasive.semanticweb.org/ont/2004/06/schedule,SOUPA/schedule.owl,context;activity,
CobraSoupa2003,"Chen, Finin, Joshi",p5oWQ0AAAAAJ,TesyEGJKHF4C,http://pervasive.semanticweb.org/ont/2004/06/space,SOUPA/space.owl,context;location,
CobraSoupa2003,"Chen, Finin, Joshi",p5oWQ0AAAAAJ,TesyEGJKHF4C,http://pervasive.semanticweb.org/ont/2004/06/time,SOUPA/time.owl,context;time,
CobraSoupa2003,"Chen, Finin, Joshi",p5oWQ0AAAAAJ,mgoTDWlsYNUC,http://cobra.umbc.edu/ont/2004/05/ebiquity-actions,CoBrA/ebiquity-actions.owl,context;activity,
CobraSoupa2003,"Chen, Finin, Joshi",p5oWQ0AAAAAJ,mgoTDWlsYNUC,http://cobra.umbc.edu/ont/2004/05/ebiquity-geo,CoBrA/ebiquity-geo.owl,context;location,
CobraSoupa2003,"Chen, Finin, Joshi",p5oWQ0AAAAAJ,mgoTDWlsYNUC,http://cobra.umbc.edu/ont/2004/05/ebiquity-meetings,CoBrA/ebiquity-meetings.owl,context;activity,
Li2017Robot,Li et al. - SWARMs,"https://scholar.google.com/scholar?cites=13870134162805926807&as_sdt=2005&sciodt=0,5&hl=en",linkId,http://www.pr-owl.org/pr-owl.owl,ChemicalPollutionMonitoring.owl,robotic;environment,
Balaji2016,Balaji et al.,F0JrXQIAAAAJ,N5tVd3kTz84C,https://brickschema.org/schema/1.0.3/BrickFrame,BrickFrame.ttl,smart home,
Hosseinzadeh2016,"Hosseinzadeh, Natalia Diaz et al.",OCO9jOsAAAAJ,fPk4N6BV_jEC,http://www.semanticweb.org/shohreh/ontologies/2013/6/untitled-ontology-7,SecurityOntology.owl,security,
WangTurner2009,"Wang, Turner","https://scholar.google.com/scholar?cites=11470282975233976284&as_sdt=2005&sciodt=0,5&hl=en",linkId,http://www.cs.stir.ac.uk/schemas/call_control.owl,HomeCareSystem/call_control.owl,smart home;call,
WangTurner2009,"Wang, Turner","https://scholar.google.com/scholar?cites=11470282975233976284&as_sdt=2005&sciodt=0,5&hl=en",linkId,http://www.cs.stir.ac.uk/schemas/genpol.owl,HomeCareSystem/genpol.owl,smart home;policy,
WangTurner2009,"Wang, Turner","https://scholar.google.com/scholar?cites=11470282975233976284&as_sdt=2005&sciodt=0,5&hl=en",linkId,http://www.cs.stir.ac.uk/schemas/home_care.owl,HomeCareSystem/home_care.owl,smart home;health;user;activity,
WangTurner2009,"Wang, Turner","https://scholar.google.com/scholar?cites=11470282975233976284&as_sdt=2005&sciodt=0,5&hl=en",linkId,http://www.cs.stir.ac.uk/schemas/sensor_network.owl,HomeCareSystem/sensor_network.owl,smart home;sensor,door;TV;telephone;pressure sensor;occupancy detector;smoke detector
WangTurner2009,"Wang, Turner","https://scholar.google.com/scholar?cites=11470282975233976284&as_sdt=2005&sciodt=0,5&hl=en",linkId,http://www.cs.stir.ac.uk/schemas/wizpol.owl,HomeCareSystem/wizpol.owl,smart home;policy,
Preuveneers2004,Preuveneers - CoDAMoS,Sw2GzugAAAAJ,eJXPG6dFmWUC,http://a.com/ontology,CoDAMoS.owl,context;sensor;smart home,thermometer;humidity sensor;light sensor;sound sensor;pressure sensor
OrdnanceSpatial2018,Ordnance Survey,No publication,,http://data.ordnancesurvey.co.uk/ontology/spatialrelations,spatialrelations.owl,location,
GangemiDulLocation,Gangemi et al.,,,http://www.ontologydesignpatterns.org/ont/dul/DUL.owl,DUL.owl,location,
OGCGeoSPARQL,OGC GeoSPARQL,EGzGRokAAAAJ,KlAtU1dfN6UC,http://www.opengis.net/ont/geosparql,geosparql_vocab_all.rdf,location,
LIMAP,LIMAP,No publication,,http://vocab.lodum.de/limap,limap.owl,location,
AsthmaOntologyBioportal,Asthma Ontology (AO),No publication,,http://childhealthservicemodels.eu/asthma,asthma_v1.3.owl,asthma;health,
Fiorini2014Corax,"Fiorini, Carbonera,",MDFAXc8AAAAJ,FPJr55Dyh1AC,http://purl.org/ieee1872-owl/corax,corax.owl,robotic,
Fiorini2014Pos,"Carbonera, Fiorini, Prestes, Jorge et al.",MDFAXc8AAAAJ,roLk4NBRz8UC,http://purl.org/ieee1872-owl/pos,cora-pos.owl,robotic;location,
Fiorini2014Rparts,"Lortal, Dhouib, Roux, Farges, Patin et al.",MDFAXc8AAAAJ,FPJr55Dyh1AC,http://purl.org/ieee1872-owl/rparts,cora-rparts.owl,robotic,
Prestes2014,"Prestes, Schlenoff et al.",cMr49BsAAAAJ,TQgYirikUcIC,http://purl.org/ieee1872-owl/cora,cora.owl,robotic,
Alirezaie2017Disaster,Alirezaie et al.,fzOyGyYAAAAJ,_xSYboBqXhAC,http://semrob-ontology.mpi.aass.oru.se/OntoCity.owl,OntoCity.owl,environment;smart city,
BermejoAlonso2010,Bermejo-Alonso et al.,YhdlR68AAAAJ,3fE2CSJIrl8C,http://www.sensormeasurement.appspot.com/ont/transport/traffic,bermejo-traffic.owl,robotic;transportation,
Joo2016,"Sungmin Joo, Hideaki Takeda et al.",6f84btIAAAAJ,d1gkVwhDpl0C,http://cavoc.org/aao/ns/2,AgricultureActivityOntology.ttl,agriculture;activity,
Vital,Vital FP7 Project:,yfVk114AAAAJ,0EnyYjriUFMC,http://vital-iot.eu/ontology/ns,vital.owl,smart city;internet of things,
HensonSemSOS2013,"Knoesis Sheth, Henson, Patni et al. - SemSOS",2T3H4ekAAAAJ,GFxP56DSvIMC,http://knoesis.wright.edu/ssw/ont/sensor-observation.owl,SemSOS/sensor-observation.owl,sensor;measurement,thermometer;humidity sensor;visibility sensor;precipitation sensor;athmosperic pressure sensor;wind speed sensor
HensonSemSOS2013,"Knoesis Sheth, Henson, Patni et al. - SemSOS",2T3H4ekAAAAJ,GFxP56DSvIMC,http://knoesis.wright.edu/ssw/ont/weather.owl,SemSOS/weather.owl,weather,
BarnaghiSensei2009Wang2012Surrey,IoT.est EU Project,YPHIHq0AAAAJ,9yKSN-GCB0IC,http://personal.ee.surrey.ac.uk/Personal/Wei.Wang/ontologies/IoT.est.owl,IoT-est.owl,sensor;internet of things,
Saref2016,SAREF,nY_OtxwAAAAJ,Zph67rFs4hoC,https://w3id.org/saref,saref.ttl,"smart home,internet of things",
HaystackCharpenay2015,Charpenay et al.,WnWkNTsAAAAJ,QD3KBmkZPeQC,http://www.w3c.org/wot/td,w3c-wot-td-ontology.owl,internet of things;web of things;smart home,
Charpenay2016,Charpenay et al.,WnWkNTsAAAAJ,QD3KBmkZPeQC,http://w3c.github.io/wot/w3c-wot-td-ire.owl,w3c-wot-td-ire.owl,web of things;smart home,
Charpenay2016,Charpenay et al.,5flqRd8AAAAJ,hFOr9nPyWt4C,http://vcharpenay.github.io/hto/hto.xml,hto.owl,"web of things;smart home,sensor",
W3CSSN,W3C SSN V1,Lq5D3Q0AAAAJ,2osOgNQ5qMEC,http://purl.oclc.org/NET/ssnx/ssn,ssn.owl,internet of things;sensor,
W3CSSNV2,SSN V2,6B2Z9vAAAAAJ,gVv57TyPmFsC,http://www.w3.org/ns/ssn,ssn-v2.ttl,internet of things;sensor,
W3CSSNV2SOSA,W3C SSN V2 - SOSA,6B2Z9vAAAAAJ,gVv57TyPmFsC,http://www.w3.org/ns/sosa,sosa.ttl,internet of things;sensor;actuator,
WotOntology,Vicinity H2020 EU,stOA74sAAAAJ,l7t_Zn2s7bgC,http://iot.linkeddata.es/def/wot,WoTontology.ttl,internet of things;web of things,
Vicinity2017,Vicinity H2020 EU,stOA74sAAAAJ,l7t_Zn2s7bgC,http://iot.linkeddata.es/def/core,Vicinity-core.ttl,internet of things;web of things,
Fed4FireMofi2015Data,"Al-Hazmi et al., Fed4FIRE",https://scholar.google.com/scholar?hl=en&as_sdt=0%2C5&q=MOFI+ontologies&btnG=,linkId,http://open-multinet.info/ontology/omn-monitoring-data,Fed4FIRE/omn-monitoring-data.ttl,measurement,
Fed4FireMofi2015Generic,"Al-Hazmi et al., Fed4FIRE",https://scholar.google.com/scholar?hl=en&as_sdt=0%2C5&q=MOFI+ontologies&btnG=,linkId,http://open-multinet.info/ontology/omn-monitoring-genericconcepts,Fed4FIRE/omn-monitoring-genericconcepts.ttl,measurement;location,
Fed4FireMofi2015Metric,"Al-Hazmi et al., Fed4FIRE",https://scholar.google.com/scholar?hl=en&as_sdt=0%2C5&q=MOFI+ontologies&btnG=,linkId,http://open-multinet.info/ontology/omn-monitoring-metric,Fed4FIRE/omn-monitoring-metric.ttl,measurement,
Fed4FireMofi2015Tool,"Al-Hazmi et al., Fed4FIRE",https://scholar.google.com/scholar?hl=en&as_sdt=0%2C5&q=MOFI+ontologies&btnG=,linkId,http://open-multinet.info/ontology/omn-monitoring-tool,Fed4FIRE/omn-monitoring-tool.ttl,measurement;location;time,
Fed4FireMofi2015Unit,"Al-Hazmi et al., Fed4FIRE",https://scholar.google.com/scholar?hl=en&as_sdt=0%2C5&q=MOFI+ontologies&btnG=,linkId,http://open-multinet.info/ontology/omn-monitoring-unit,Fed4FIRE/omn-monitoring-unit.ttl,unit,
Fed4FireMofi2015,"Al-Hazmi et al., Fed4FIRE",https://scholar.google.com/scholar?hl=en&as_sdt=0%2C5&q=MOFI+ontologies&btnG=,linkId,http://open-multinet.info/ontology/omn-monitoring,Fed4FIRE/omn-monitoring.ttl,measurement,
Seydoux2015,Seydoux et al.,vO14BoYAAAAJ,2osOgNQ5qMEC,https://www.irit.fr/recherches/MELODI/ontologies/IoT-O,IoT-O.owl,internet of things;smart home,
Seydoux2015SAN,,fEZU6NwAAAAJ,1sJd4Hv_s6UC,http://www.irit.fr/recherches/MELODI/ontologies/SAN,SAN.owl,sensor;actuator,
Kotis2012,"IoT, Kotis, Katasonov",x4T5OfIAAAAJ,ns9cj8rnVeAC,http://purl.org/IoT/iot,IoT-ontology_v2.1_0.owl,internet of things;web of things,
Hirmer2016,Hirmer et al. SitOPT project,RtpjiGkAAAAJ,W7OEmFMy1HYC,http://ipvs.uni-stuttgart.de/SitOPT/seint,sensor_ontology.owl,sensor,
SWOTCPS,Wu et al. SWoT4CPS Framework,vpHFsV8AAAAJ,u5HHmVD_uO8C,https://raw.githubusercontent.com/minelabwot/SWoT/master/swot-o.owl,swot-o.owl,web of things;context,
Poveda2015Energy,Poveda Villalon et al.,Ye1p4W4AAAAJ,ufrVoPGSRksC,http://smartcity.linkeddata.es/lcc/ontology/EnergyConsumption,lcc-energyconsumption.owl,energy,
Kolchin2014,Kolchin et al.,42uM92QAAAAJ,4DMP91E08xMC,http://vocab.ox.ac.uk/meter,smart-meter.rdf,energy,
RutaMafalda,"Ruta, Scioscia et al., SWoT Framework",xxBeKlIAAAAJ,OcBU2YAGkTUC,http://sisinflab.poliba.it/owl/mafalda-ap,mafalda-ap.xml,web of things,
RutaMafalda,"Ruta, Scioscia et al., SWoT Framework",xxBeKlIAAAAJ,OcBU2YAGkTUC,http://sisinflab.poliba.it/owl/mafalda-nr,mafalda-nr.owl,web of things,
CityPulse,"CityPulse, Kolozali, Bermudez, Ganz, Barnaghi, Elsaleh, Presser et al.",1xzZr9wAAAAJ,KxtntwgDAa4C,http://purl.oclc.org/NET/UNIS/sao/sao,saov06.ttl,internet of things;smart city;transportation,speed sensor;vehicle count sensor
CityPulseQuality,"CityPulse, Kolozali, Bermudez, Ganz, Barnaghi, Elsaleh, Presser et al.",1xzZr9wAAAAJ,KxtntwgDAa4C,http://purl.oclc.org/NET/UASO/qoi,QualityOntology.rdf,internet of things;smart city,
Kolchin2015,Kolchin et al.,42uM92QAAAAJ,_Qo2XoVZTnwC,http://w3id.org/semiot/ontologies/semiot,SemIoT/semiot.ttl,,
Kolchin2015,Kolchin et al.,42uM92QAAAAJ,_Qo2XoVZTnwC,http://purl.org/NET/ssnext/communication,SemIoT/ssncom.owl,sensor,
Kolchin2015,Kolchin et al.,42uM92QAAAAJ,_Qo2XoVZTnwC,http://w3id.org/semiot/ontologies/proto,SemIoT/proto.owl,prototype,
Kolchin2015,Kolchin et al.,42uM92QAAAAJ,_Qo2XoVZTnwC,http://purl.org/NET/ssnext/machinetools,SemIoT/machinetools.owl,product,
Kolchin2015,Kolchin et al.,42uM92QAAAAJ,_Qo2XoVZTnwC,http://www.w3id.org/semiot/ontologies/hydra/pubsub,SemIoT/hydra-pubsub.ttl,service,
Kolchin2015,Kolchin et al.,42uM92QAAAAJ,_Qo2XoVZTnwC,http://w3id.org/semiot/ontologies/hydra/filter,SemIoT/hydra-filter.ttl,,
Kolchin2015,Kolchin et al.,42uM92QAAAAJ,_Qo2XoVZTnwC,http://purl.org/NET/ssnext/heatmeters,SemIoT/heatmeters.owl,sensor,heat meter
Kolchin2015,Kolchin et al.,42uM92QAAAAJ,_Qo2XoVZTnwC,http://purl.org/NET/ssnext/electricmeters,SemIoT/electricmeters.owl,energy,electric meter
Kolchin2015,Kolchin et al.,42uM92QAAAAJ,_Qo2XoVZTnwC,http://purl.org/NET/ssnext/climate-feature,SemIoT/climate-feature.owl,weather,
Spitfire,"Spitfire - Pfisterer, Leggieri, Mietz,",oNQBZXcAAAAJ,j3f4tGmQtD8C,http://spitfire-project.eu/ontology/ns,spitfire.ttl,web of things;sensor,
Ciortea2016,Ciortea et al. Social Web of Things,5YHZ4VQAAAAJ,cK4Rrx0J3m0C,https://w3id.org/stn/core,STN/stn-core-1.0.ttl,web of things;user,
Ciortea2016,Ciortea et al. Social Web of Things,5YHZ4VQAAAAJ,cK4Rrx0J3m0C,https://w3id.org/stn/core/operations,STN/stn-operations-1.0.ttl,web of things;activity,
Ciortea2016,Ciortea et al. Social Web of Things,5YHZ4VQAAAAJ,cK4Rrx0J3m0C,https://w3id.org/stn/core/operations/http,STN/stn-operations-http-1.0.ttl,web of things;service,
M3Lite,M3-lite,EAmKaEoAAAAJ,_FxGoFyzp5QC,http://purl.org/iot/vocab/m3-lite,m3-lite.owl,internet of things;sensor,
IoT-AEntityModel,"IoT-A, De, Barbaghi, Haller, Bauer, Carrez, et al.",4nEB10MAAAAJ,u5HHmVD_uO8C,http://www.surrey.ac.uk/ccsr/IoT-A/EntityModel.owl,IoT-A/EntityModel.owl,internet of things,
IoT-AResourceModel,"IoT-A, De, Barbaghi, Haller, Bauer, Carrez, et al.",4nEB10MAAAAJ,u5HHmVD_uO8C,http://www.surrey.ac.uk/ccsr/ontologies/ResourceModel.owl,IoT-A/ResourceModel.owl,sensor;actuator,
IoT-AServiceTempSensor,"IoT-A, De, Barbaghi, Haller, Bauer, Carrez, et al.",4nEB10MAAAAJ,u5HHmVD_uO8C,http://www.surrey.ac.uk/ccsr/ontologies/U38_Temp_Sensor_Resource.owl,IoT-A/U38_Temp_Sensor_Resource.owl,sensor,thermometer
IoT-AService,"IoT-A, De, Barbaghi, Haller, Bauer, Carrez, et al.",4nEB10MAAAAJ,u5HHmVD_uO8C,http://www.surrey.ac.uk/ccsr/ontologies/U38_Temp_Sensor_Service.owl,IoT-A/U38_TempSensor_Service.owl,sensor;service,
IoT-AService,"IoT-A, De, Barbaghi, Haller, Bauer, Carrez, et al.",4nEB10MAAAAJ,u5HHmVD_uO8C,http://www.surrey.ac.uk/ccsr/ontologies/ServiceModel.owl,IoT-A/OWL-IoT-S.owl,internet of things,
OpenIoT,"OpenIoT, Serrano, Soldatos, Hauswirth, Calbimonte, CSIRO et al.",X-4jcsoAAAAJ,J-pR_7NvFogC,http://openiot.eu/ontology/ns,openIoT.owl,internet of things,
Cano2012,Cano et al.,Vr4nfK8AAAAJ,aqlVkmm33-oC,http://purl.org/net/preSense/ns,preSense.rdf,sensor;user,
NeuhausCSIRO2009,"Neuhaus, Compton et al. - CSIRO",Lq5D3Q0AAAAJ,u-x6o8ySG0sC,http://www.csiro.au/Ontologies/2009/SensorOntology.owl,SensorOntology20090320.owl,sensor;context,
Bermudez2009,"Bermudez, Rueda et al. - OOSTethys - MMI",xwDzXlwAAAAJ,UebtZRa9Y70C,http://mmisw.org/ont/mmi/device,mmi-device.ttl,sensor;environment,
Russomanno2005,Russomanno - OntoSensor,okL3ICAAAAAJ,u5HHmVD_uO8C,http://mmisw.org/ont/univmemphis/sensor,OntoSensor-Device.ttl,sensor,
Consoli2015,"Consoli et al., PRISMA project, Italy",iKuqT2cAAAAJ,mKu_rENv82IC,http://www.ontologydesignpatterns.org/ont/prisma/ontology.owl,prisma.owl,smart city;internet of things,
Komninos2015,Komninos et al.,nowIqMcAAAAJ,yZoBfgUKqwcC,http://www.semanticweb.org/nicolas/ontologies/2014/9/Smart_City,SmartCityOntology.owl,smart city,
IoTLite,"Bermudez et al., IoT-lite",7xczPKEAAAAJ,9pM33mqn1YgC,http://purl.oclc.org/NET/UNIS/fiware/iot-lite,iot-lite.ttl,internet of things,
Hypercat,Hypercat,"-QBmDHUAAAAJ","roLk4NBRz8UC",http://portal.bt-hypercat.com/ontologies/hypercat,hypercat.owl,internet of things,
,,-QBmDHUAAAAJ,roLk4NBRz8UC,http://portal.bt-hypercat.com/ontologies/bt-hypercat,bt-hypercat.owl,internet of things;sensor;stream,
FIESTAIOT,"FIESTA-IoT: University of Surrey, Deri/NUIG/Insight, etc.",EAmKaEoAAAAJ,_FxGoFyzp5QC,http://purl.org/iot/ontology/fiesta-iot,fiesta-iot.owl,sensor;internet of things,
SEAS,Lefrancois et al.,Miw4DgIAAAAJ,OU6Ihb5iCvQC,https://w3id.org/seas/,seas-1.1.ttl,energy,
Maarala2016,"Maarala, Xiang Su et al.",4eV1mx0AAAAJ,u-x6o8ySG0sC,http://localhost/SensorSchema/ontology,traffic.owl,transportation,
OneM2M,oneM2M MAS,Not on scholar,,http://www.onem2m.org/ontology/Base_Ontology/base_ontology,oneM2M_Base_Ontology-V_3_2_0.owl,internet of things,
Hachem2011,Hachem,xMXV0TgAAAAJ,d1gkVwhDpl0C,http://www.semanticweb.org/ontologies/2011/7/SA.owl,hachem_onto.owl,internet of things,
PaulStaroch,Paul Staroch,"https://scholar.google.lu/scholar?cites=10312355415569183993&as_sdt=2005&sciodt=0,5&hl=de",linkId,http://paul.staroch.name/thesis/SmartHomeWeather.owl,SmartHomeWeather.owl,weather;smart home,thermometer;precipitation sensor;humidity sensor;athmospheric pressure sensor;wind direction sensor;wind speed sensor;sun position direction sensor;sun position elevation sensor;cloud cover sensor
LefortAWS2011,Lefort - Meteorological sensor ontology - AWS,"https://scholar.google.com/scholar?cites=4662847585317323351&as_sdt=2005&sciodt=0,5&hl=en",linkId,https://www.w3.org/2005/Incubator/ssn/ssnx/meteo/aws,MeteorologicalSensors.owl,weather,
ClimateAndForecastCSIRO,Climate and forecast - CSIRO,No publication,,http://purl.oclc.org/NET/ssnx/cf/cf-property,ClimateForecast.owl,weather,
AEMET,AEMET - Atemezing et al.,17EeA1UAAAAJ,W7OEmFMy1HYC,http://aemet.linkeddata.es/ontology/aemet/aemet.owl,aemetontologynetworkv2/aemet.owl,location,
AEMET,AEMET - Atemezing et al.,17EeA1UAAAAJ,W7OEmFMy1HYC,http://aemet.linkeddata.es/describevar.owl,aemetontologynetworkv2/describevar - instancias.owl,measurement,
AEMET,AEMET - Atemezing et al.,17EeA1UAAAAJ,W7OEmFMy1HYC,http://aemet.linkeddata.es/ontology/geografica.owl,aemetontologynetworkv2/geografica.owl,location,
AEMET,AEMET - Atemezing et al.,17EeA1UAAAAJ,W7OEmFMy1HYC,http://aemet.linkeddata.es/localizacion.owl,aemetontologynetworkv2/localizacion.owl,location,
SweetRasking2005,SWEET - NASA - Raskin - Weather,v1gDdrsAAAAJ,u5HHmVD_uO8C,http://sweet.jpl.nasa.gov/2.3/human.owl,SWEET2-3/human.owl,user,
SweetRasking2005,SWEET - NASA - Raskin - Weather,v1gDdrsAAAAJ,u5HHmVD_uO8C,http://sweet.jpl.nasa.gov/2.3/humanAgriculture.owl,SWEET2-3/humanAgriculture.owl,agriculture,
SweetRasking2005,SWEET - NASA - Raskin - Weather,v1gDdrsAAAAJ,u5HHmVD_uO8C,http://sweet.jpl.nasa.gov/2.3/humanCommerce.owl,SWEET2-3/humanCommerce.owl,activity,
SweetRasking2005,SWEET - NASA - Raskin - Weather,v1gDdrsAAAAJ,u5HHmVD_uO8C,http://sweet.jpl.nasa.gov/2.3/humanDecision.owl,SWEET2-3/humanDecision.owl,activity,
SweetRasking2005,SWEET - NASA - Raskin - Weather,v1gDdrsAAAAJ,u5HHmVD_uO8C,http://sweet.jpl.nasa.gov/2.3/humanEnvirAssessment.owl,SWEET2-3/humanEnvirAssessment.owl,environment,
SweetRasking2005,SWEET - NASA - Raskin - Weather,v1gDdrsAAAAJ,u5HHmVD_uO8C,http://sweet.jpl.nasa.gov/2.3/humanEnvirConservation.owl,SWEET2-3/humanEnvirConservation.owl,environment,
SweetRasking2005,SWEET - NASA - Raskin - Weather,v1gDdrsAAAAJ,u5HHmVD_uO8C,http://sweet.jpl.nasa.gov/2.3/humanEnvirControl.owl,SWEET2-3/humanEnvirControl.owl,environment,
SweetRasking2005,SWEET - NASA - Raskin - Weather,v1gDdrsAAAAJ,u5HHmVD_uO8C,http://sweet.jpl.nasa.gov/2.3/humanEnvirStandards.owl,SWEET2-3/humanEnvirStandards.owl,environment,
SweetRasking2005,SWEET - NASA - Raskin - Weather,v1gDdrsAAAAJ,u5HHmVD_uO8C,http://sweet.jpl.nasa.gov/2.3/humanJurisdiction.owl,SWEET2-3/humanJurisdiction.owl,location,
SweetRasking2005,SWEET - NASA - Raskin - Weather,v1gDdrsAAAAJ,u5HHmVD_uO8C,http://sweet.jpl.nasa.gov/2.3/humanKnowledgeDomain.owl,SWEET2-3/humanKnowledgeDomain.owl,domain,
SweetRasking2005,SWEET - NASA - Raskin - Weather,v1gDdrsAAAAJ,u5HHmVD_uO8C,http://sweet.jpl.nasa.gov/2.3/humanResearch.owl,SWEET2-3/humanResearch.owl,research,
SweetRasking2005,SWEET - NASA - Raskin - Weather,v1gDdrsAAAAJ,u5HHmVD_uO8C,http://sweet.jpl.nasa.gov/2.3/humanTechReadiness.owl,SWEET2-3/humanTechReadiness.owl,user,
SweetRasking2005,SWEET - NASA - Raskin - Weather,v1gDdrsAAAAJ,u5HHmVD_uO8C,http://sweet.jpl.nasa.gov/2.3/humanTransportation.owl,SWEET2-3/humanTransportation.owl,transportation,
SweetRasking2005,SWEET - NASA - Raskin - Weather,v1gDdrsAAAAJ,u5HHmVD_uO8C,http://sweet.jpl.nasa.gov/2.3/matr.owl,SWEET2-3/matr.owl,environment,
SweetRasking2005,SWEET - NASA - Raskin - Weather,v1gDdrsAAAAJ,u5HHmVD_uO8C,http://sweet.jpl.nasa.gov/2.3/matrAerosol.owl,SWEET2-3/matrAerosol.owl,environment,
SweetRasking2005,SWEET - NASA - Raskin - Weather,v1gDdrsAAAAJ,u5HHmVD_uO8C,http://sweet.jpl.nasa.gov/2.3/matrAnimal.owl,SWEET2-3/matrAnimal.owl,environment,
SweetRasking2005,SWEET - NASA - Raskin - Weather,v1gDdrsAAAAJ,u5HHmVD_uO8C,http://sweet.jpl.nasa.gov/2.3/matrBiomass.owl,SWEET2-3/matrBiomass.owl,environment,
SweetRasking2005,SWEET - NASA - Raskin - Weather,v1gDdrsAAAAJ,u5HHmVD_uO8C,http://sweet.jpl.nasa.gov/2.3/matrCompound.owl,SWEET2-3/matrCompound.owl,environment,
SweetRasking2005,SWEET - NASA - Raskin - Weather,v1gDdrsAAAAJ,u5HHmVD_uO8C,http://sweet.jpl.nasa.gov/2.3/matrElement.owl,SWEET2-3/matrElement.owl,environment,
SweetRasking2005,SWEET - NASA - Raskin - Weather,v1gDdrsAAAAJ,u5HHmVD_uO8C,http://sweet.jpl.nasa.gov/2.3/matrElementalMolecule.owl,SWEET2-3/matrElementalMolecule.owl,environment,
SweetRasking2005,SWEET - NASA - Raskin - Weather,v1gDdrsAAAAJ,u5HHmVD_uO8C,http://sweet.jpl.nasa.gov/2.3/matrEnergy.owl,SWEET2-3/matrEnergy.owl,energy,
SweetRasking2005,SWEET - NASA - Raskin - Weather,v1gDdrsAAAAJ,u5HHmVD_uO8C,http://sweet.jpl.nasa.gov/2.3/matrEquipment.owl,SWEET2-3/matrEquipment.owl,equipment;transportation,
SweetRasking2005,SWEET - NASA - Raskin - Weather,v1gDdrsAAAAJ,u5HHmVD_uO8C,http://sweet.jpl.nasa.gov/2.3/matrFacility.owl,SWEET2-3/matrFacility.owl,location,
SweetRasking2005,SWEET - NASA - Raskin - Weather,v1gDdrsAAAAJ,u5HHmVD_uO8C,http://sweet.jpl.nasa.gov/2.3/matrIndustrial.owl,SWEET2-3/matrIndustrial.owl,environment,
SweetRasking2005,SWEET - NASA - Raskin - Weather,v1gDdrsAAAAJ,u5HHmVD_uO8C,http://sweet.jpl.nasa.gov/2.3/matrInstrument.owl,SWEET2-3/matrInstrument.owl,sensor,
SweetRasking2005,SWEET - NASA - Raskin - Weather,v1gDdrsAAAAJ,u5HHmVD_uO8C,http://sweet.jpl.nasa.gov/2.3/matrIon.owl,SWEET2-3/matrIon.owl,environment,
SweetRasking2005,SWEET - NASA - Raskin - Weather,v1gDdrsAAAAJ,u5HHmVD_uO8C,http://sweet.jpl.nasa.gov/2.3/matrIsotope.owl,SWEET2-3/matrIsotope.owl,environment,
SweetRasking2005,SWEET - NASA - Raskin - Weather,v1gDdrsAAAAJ,u5HHmVD_uO8C,http://sweet.jpl.nasa.gov/2.3/matrMicrobiota.owl,SWEET2-3/matrMicrobiota.owl,environment,
SweetRasking2005,SWEET - NASA - Raskin - Weather,v1gDdrsAAAAJ,u5HHmVD_uO8C,http://sweet.jpl.nasa.gov/2.3/matrMineral.owl,SWEET2-3/matrMineral.owl,environment,
SweetRasking2005,SWEET - NASA - Raskin - Weather,v1gDdrsAAAAJ,u5HHmVD_uO8C,http://sweet.jpl.nasa.gov/2.3/matrNaturalResource.owl,SWEET2-3/matrNaturalResource.owl,environment,
SweetRasking2005,SWEET - NASA - Raskin - Weather,v1gDdrsAAAAJ,u5HHmVD_uO8C,http://sweet.jpl.nasa.gov/2.3/matrOrganicCompound.owl,SWEET2-3/matrOrganicCompound.owl,environment,
SweetRasking2005,SWEET - NASA - Raskin - Weather,v1gDdrsAAAAJ,u5HHmVD_uO8C,http://sweet.jpl.nasa.gov/2.3/matrParticle.owl,SWEET2-3/matrParticle.owl,environment,
SweetRasking2005,SWEET - NASA - Raskin - Weather,v1gDdrsAAAAJ,u5HHmVD_uO8C,http://sweet.jpl.nasa.gov/2.3/matrPlant.owl,SWEET2-3/matrPlant.owl,environment,
SweetRasking2005,SWEET - NASA - Raskin - Weather,v1gDdrsAAAAJ,u5HHmVD_uO8C,http://sweet.jpl.nasa.gov/2.3/matrRock.owl,SWEET2-3/matrRock.owl,environment,
SweetRasking2005,SWEET - NASA - Raskin - Weather,v1gDdrsAAAAJ,u5HHmVD_uO8C,http://sweet.jpl.nasa.gov/2.3/matrRockIgneous.owl,SWEET2-3/matrRockIgneous.owl,environment,
SweetRasking2005,SWEET - NASA - Raskin - Weather,v1gDdrsAAAAJ,u5HHmVD_uO8C,http://sweet.jpl.nasa.gov/2.3/matrSediment.owl,SWEET2-3/matrSediment.owl,environment,
SweetRasking2005,SWEET - NASA - Raskin - Weather,v1gDdrsAAAAJ,u5HHmVD_uO8C,http://sweet.jpl.nasa.gov/2.3/matrWater.owl,SWEET2-3/matrWater.owl,environment;water,
SweetRasking2005,SWEET - NASA - Raskin - Weather,v1gDdrsAAAAJ,u5HHmVD_uO8C,http://sweet.jpl.nasa.gov/2.3/phen.owl,SWEET2-3/phen.owl,event,
SweetRasking2005,SWEET - NASA - Raskin - Weather,v1gDdrsAAAAJ,u5HHmVD_uO8C,http://sweet.jpl.nasa.gov/2.3/phenAtmo.owl,SWEET2-3/phenAtmo.owl,weather,
SweetRasking2005,SWEET - NASA - Raskin - Weather,v1gDdrsAAAAJ,u5HHmVD_uO8C,http://sweet.jpl.nasa.gov/2.3/phenAtmoCloud.owl,SWEET2-3/phenAtmoCloud.owl,weather,
SweetRasking2005,SWEET - NASA - Raskin - Weather,v1gDdrsAAAAJ,u5HHmVD_uO8C,http://sweet.jpl.nasa.gov/2.3/phenAtmoFog.owl,SWEET2-3/phenAtmoFog.owl,weather,
SweetRasking2005,SWEET - NASA - Raskin - Weather,v1gDdrsAAAAJ,u5HHmVD_uO8C,http://sweet.jpl.nasa.gov/2.3/phenAtmoFront.owl,SWEET2-3/phenAtmoFront.owl,weather,
SweetRasking2005,SWEET - NASA - Raskin - Weather,v1gDdrsAAAAJ,u5HHmVD_uO8C,http://sweet.jpl.nasa.gov/2.3/phenAtmoLightning.owl,SWEET2-3/phenAtmoLightning.owl,weather,
SweetRasking2005,SWEET - NASA - Raskin - Weather,v1gDdrsAAAAJ,u5HHmVD_uO8C,http://sweet.jpl.nasa.gov/2.3/phenAtmoPrecipitation.owl,SWEET2-3/phenAtmoPrecipitation.owl,weather,
SweetRasking2005,SWEET - NASA - Raskin - Weather,v1gDdrsAAAAJ,u5HHmVD_uO8C,http://sweet.jpl.nasa.gov/2.3/phenAtmoPressure.owl,SWEET2-3/phenAtmoPressure.owl,weather,
SweetRasking2005,SWEET - NASA - Raskin - Weather,v1gDdrsAAAAJ,u5HHmVD_uO8C,http://sweet.jpl.nasa.gov/2.3/phenAtmoSky.owl,SWEET2-3/phenAtmoSky.owl,weather,
SweetRasking2005,SWEET - NASA - Raskin - Weather,v1gDdrsAAAAJ,u5HHmVD_uO8C,http://sweet.jpl.nasa.gov/2.3/phenAtmoTransport.owl,SWEET2-3/phenAtmoTransport.owl,weather,
SweetRasking2005,SWEET - NASA - Raskin - Weather,v1gDdrsAAAAJ,u5HHmVD_uO8C,http://sweet.jpl.nasa.gov/2.3/phenAtmoWind.owl,SWEET2-3/phenAtmoWind.owl,weather;wind,
SweetRasking2005,SWEET - NASA - Raskin - Weather,v1gDdrsAAAAJ,u5HHmVD_uO8C,http://sweet.jpl.nasa.gov/2.3/phenAtmoWindMesoscale.owl,SWEET2-3/phenAtmoWindMesoscale.owl,weather;wind,
SweetRasking2005,SWEET - NASA - Raskin - Weather,v1gDdrsAAAAJ,u5HHmVD_uO8C,http://sweet.jpl.nasa.gov/2.3/phenBiol.owl,SWEET2-3/phenBiol.owl,health,
SweetRasking2005,SWEET - NASA - Raskin - Weather,v1gDdrsAAAAJ,u5HHmVD_uO8C,http://sweet.jpl.nasa.gov/2.3/phenCryo.owl,SWEET2-3/phenCryo.owl,environment,
SweetRasking2005,SWEET - NASA - Raskin - Weather,v1gDdrsAAAAJ,u5HHmVD_uO8C,http://sweet.jpl.nasa.gov/2.3/phenCycle.owl,SWEET2-3/phenCycle.owl,environment,
SweetRasking2005,SWEET - NASA - Raskin - Weather,v1gDdrsAAAAJ,u5HHmVD_uO8C,http://sweet.jpl.nasa.gov/2.3/phenCycleMaterial.owl,SWEET2-3/phenCycleMaterial.owl,environment,
SweetRasking2005,SWEET - NASA - Raskin - Weather,v1gDdrsAAAAJ,u5HHmVD_uO8C,http://sweet.jpl.nasa.gov/2.3/phenEcology.owl,SWEET2-3/phenEcology.owl,,
SweetRasking2005,SWEET - NASA - Raskin - Weather,v1gDdrsAAAAJ,u5HHmVD_uO8C,http://sweet.jpl.nasa.gov/2.3/phenElecMag.owl,SWEET2-3/phenElecMag.owl,environment,
SweetRasking2005,SWEET - NASA - Raskin - Weather,v1gDdrsAAAAJ,u5HHmVD_uO8C,http://sweet.jpl.nasa.gov/2.3/phenEnergy.owl,SWEET2-3/phenEnergy.owl,energy,
SweetRasking2005,SWEET - NASA - Raskin - Weather,v1gDdrsAAAAJ,u5HHmVD_uO8C,http://sweet.jpl.nasa.gov/2.3/phenEnvirImpact.owl,SWEET2-3/phenEnvirImpact.owl,environment,
SweetRasking2005,SWEET - NASA - Raskin - Weather,v1gDdrsAAAAJ,u5HHmVD_uO8C,http://sweet.jpl.nasa.gov/2.3/phenFluidDynamics.owl,SWEET2-3/phenFluidDynamics.owl,,
SweetRasking2005,SWEET - NASA - Raskin - Weather,v1gDdrsAAAAJ,u5HHmVD_uO8C,http://sweet.jpl.nasa.gov/2.3/phenFluidInstability.owl,SWEET2-3/phenFluidInstability.owl,,
SweetRasking2005,SWEET - NASA - Raskin - Weather,v1gDdrsAAAAJ,u5HHmVD_uO8C,http://sweet.jpl.nasa.gov/2.3/phenFluidTransport.owl,SWEET2-3/phenFluidTransport.owl,,
SweetRasking2005,SWEET - NASA - Raskin - Weather,v1gDdrsAAAAJ,u5HHmVD_uO8C,http://sweet.jpl.nasa.gov/2.3/phenGeol.owl,SWEET2-3/phenGeol.owl,event,
SweetRasking2005,SWEET - NASA - Raskin - Weather,v1gDdrsAAAAJ,u5HHmVD_uO8C,http://sweet.jpl.nasa.gov/2.3/phenGeolFault.owl,SWEET2-3/phenGeolFault.owl,,
SweetRasking2005,SWEET - NASA - Raskin - Weather,v1gDdrsAAAAJ,u5HHmVD_uO8C,http://sweet.jpl.nasa.gov/2.3/phenGeolGeomorphology.owl,SWEET2-3/phenGeolGeomorphology.owl,,
SweetRasking2005,SWEET - NASA - Raskin - Weather,v1gDdrsAAAAJ,u5HHmVD_uO8C,http://sweet.jpl.nasa.gov/2.3/phenGeolSeismicity.owl,SWEET2-3/phenGeolSeismicity.owl,earthquake,
SweetRasking2005,SWEET - NASA - Raskin - Weather,v1gDdrsAAAAJ,u5HHmVD_uO8C,http://sweet.jpl.nasa.gov/2.3/phenGeolTectonic.owl,SWEET2-3/phenGeolTectonic.owl,environment,
SweetRasking2005,SWEET - NASA - Raskin - Weather,v1gDdrsAAAAJ,u5HHmVD_uO8C,http://sweet.jpl.nasa.gov/2.3/phenGeolVolcano.owl,SWEET2-3/phenGeolVolcano.owl,volcano,
SweetRasking2005,SWEET - NASA - Raskin - Weather,v1gDdrsAAAAJ,u5HHmVD_uO8C,http://sweet.jpl.nasa.gov/2.3/phenHelio.owl,SWEET2-3/phenHelio.owl,,
SweetRasking2005,SWEET - NASA - Raskin - Weather,v1gDdrsAAAAJ,u5HHmVD_uO8C,http://sweet.jpl.nasa.gov/2.3/phenHydro.owl,SWEET2-3/phenHydro.owl,,
SweetRasking2005,SWEET - NASA - Raskin - Weather,v1gDdrsAAAAJ,u5HHmVD_uO8C,http://sweet.jpl.nasa.gov/2.3/phenMixing.owl,SWEET2-3/phenMixing.owl,,
SweetRasking2005,SWEET - NASA - Raskin - Weather,v1gDdrsAAAAJ,u5HHmVD_uO8C,http://sweet.jpl.nasa.gov/2.3/phenOcean.owl,SWEET2-3/phenOcean.owl,environment;water,
SweetRasking2005,SWEET - NASA - Raskin - Weather,v1gDdrsAAAAJ,u5HHmVD_uO8C,http://sweet.jpl.nasa.gov/2.3/phenOceanCoastal.owl,SWEET2-3/phenOceanCoastal.owl,environment;water,
SweetRasking2005,SWEET - NASA - Raskin - Weather,v1gDdrsAAAAJ,u5HHmVD_uO8C,http://sweet.jpl.nasa.gov/2.3/phenOceanDynamics.owl,SWEET2-3/phenOceanDynamics.owl,environment;water,
SweetRasking2005,SWEET - NASA - Raskin - Weather,v1gDdrsAAAAJ,u5HHmVD_uO8C,http://sweet.jpl.nasa.gov/2.3/phenPlanetClimate.owl,SWEET2-3/phenPlanetClimate.owl,weather,
SweetRasking2005,SWEET - NASA - Raskin - Weather,v1gDdrsAAAAJ,u5HHmVD_uO8C,http://sweet.jpl.nasa.gov/2.3/phenReaction.owl,SWEET2-3/phenReaction.owl,event,
SweetRasking2005,SWEET - NASA - Raskin - Weather,v1gDdrsAAAAJ,u5HHmVD_uO8C,http://sweet.jpl.nasa.gov/2.3/phenSolid.owl,SWEET2-3/phenSolid.owl,environment;activity,
SweetRasking2005,SWEET - NASA - Raskin - Weather,v1gDdrsAAAAJ,u5HHmVD_uO8C,http://sweet.jpl.nasa.gov/2.3/phenStar.owl,SWEET2-3/phenStar.owl,weather,
SweetRasking2005,SWEET - NASA - Raskin - Weather,v1gDdrsAAAAJ,u5HHmVD_uO8C,http://sweet.jpl.nasa.gov/2.3/phenSystem.owl,SWEET2-3/phenSystem.owl,weather;event,
SweetRasking2005,SWEET - NASA - Raskin - Weather,v1gDdrsAAAAJ,u5HHmVD_uO8C,http://sweet.jpl.nasa.gov/2.3/phenSystemComplexity.owl,SWEET2-3/phenSystemComplexity.owl,weather;event,
SweetRasking2005,SWEET - NASA - Raskin - Weather,v1gDdrsAAAAJ,u5HHmVD_uO8C,http://sweet.jpl.nasa.gov/2.3/phenWave.owl,SWEET2-3/phenWave.owl,environment,
SweetRasking2005,SWEET - NASA - Raskin - Weather,v1gDdrsAAAAJ,u5HHmVD_uO8C,http://sweet.jpl.nasa.gov/2.3/phenWaveNoise.owl,SWEET2-3/phenWaveNoise.owl,environment,
SweetRasking2005,SWEET - NASA - Raskin - Weather,v1gDdrsAAAAJ,u5HHmVD_uO8C,http://sweet.jpl.nasa.gov/2.3/proc.owl,SWEET2-3/proc.owl,process,
SweetRasking2005,SWEET - NASA - Raskin - Weather,v1gDdrsAAAAJ,u5HHmVD_uO8C,http://sweet.jpl.nasa.gov/2.3/procChemical.owl,SWEET2-3/procChemical.owl,process,
SweetRasking2005,SWEET - NASA - Raskin - Weather,v1gDdrsAAAAJ,u5HHmVD_uO8C,http://sweet.jpl.nasa.gov/2.3/procPhysical.owl,SWEET2-3/procPhysical.owl,process,
SweetRasking2005,SWEET - NASA - Raskin - Weather,v1gDdrsAAAAJ,u5HHmVD_uO8C,http://sweet.jpl.nasa.gov/2.3/procStateChange.owl,SWEET2-3/procStateChange.owl,process,
SweetRasking2005,SWEET - NASA - Raskin - Weather,v1gDdrsAAAAJ,u5HHmVD_uO8C,http://sweet.jpl.nasa.gov/2.3/procWave.owl,SWEET2-3/procWave.owl,process,
SweetRasking2005,SWEET - NASA - Raskin - Weather,v1gDdrsAAAAJ,u5HHmVD_uO8C,http://sweet.jpl.nasa.gov/2.3/prop.owl,SWEET2-3/prop.owl,measurement,
SweetRasking2005,SWEET - NASA - Raskin - Weather,v1gDdrsAAAAJ,u5HHmVD_uO8C,http://sweet.jpl.nasa.gov/2.3/propBinary.owl,SWEET2-3/propBinary.owl,measurement,
SweetRasking2005,SWEET - NASA - Raskin - Weather,v1gDdrsAAAAJ,u5HHmVD_uO8C,http://sweet.jpl.nasa.gov/2.3/propCapacity.owl,SWEET2-3/propCapacity.owl,measurement,
SweetRasking2005,SWEET - NASA - Raskin - Weather,v1gDdrsAAAAJ,u5HHmVD_uO8C,http://sweet.jpl.nasa.gov/2.3/propCategorical.owl,SWEET2-3/propCategorical.owl,measurement,
SweetRasking2005,SWEET - NASA - Raskin - Weather,v1gDdrsAAAAJ,u5HHmVD_uO8C,http://sweet.jpl.nasa.gov/2.3/propCharge.owl,SWEET2-3/propCharge.owl,measurement,
SweetRasking2005,SWEET - NASA - Raskin - Weather,v1gDdrsAAAAJ,u5HHmVD_uO8C,http://sweet.jpl.nasa.gov/2.3/propChemical.owl,SWEET2-3/propChemical.owl,measurement,
SweetRasking2005,SWEET - NASA - Raskin - Weather,v1gDdrsAAAAJ,u5HHmVD_uO8C,http://sweet.jpl.nasa.gov/2.3/propConductivity.owl,SWEET2-3/propConductivity.owl,measurement,
SweetRasking2005,SWEET - NASA - Raskin - Weather,v1gDdrsAAAAJ,u5HHmVD_uO8C,http://sweet.jpl.nasa.gov/2.3/propCount.owl,SWEET2-3/propCount.owl,measurement,
SweetRasking2005,SWEET - NASA - Raskin - Weather,v1gDdrsAAAAJ,u5HHmVD_uO8C,http://sweet.jpl.nasa.gov/2.3/propDifference.owl,SWEET2-3/propDifference.owl,measurement,
SweetRasking2005,SWEET - NASA - Raskin - Weather,v1gDdrsAAAAJ,u5HHmVD_uO8C,http://sweet.jpl.nasa.gov/2.3/propDiffusivity.owl,SWEET2-3/propDiffusivity.owl,measurement,
SweetRasking2005,SWEET - NASA - Raskin - Weather,v1gDdrsAAAAJ,u5HHmVD_uO8C,http://sweet.jpl.nasa.gov/2.3/propDimensionlessRatio.owl,SWEET2-3/propDimensionlessRatio.owl,measurement,
SweetRasking2005,SWEET - NASA - Raskin - Weather,v1gDdrsAAAAJ,u5HHmVD_uO8C,http://sweet.jpl.nasa.gov/2.3/propEnergy.owl,SWEET2-3/propEnergy.owl,measurement;energy,
SweetRasking2005,SWEET - NASA - Raskin - Weather,v1gDdrsAAAAJ,u5HHmVD_uO8C,http://sweet.jpl.nasa.gov/2.3/propEnergyFlux.owl,SWEET2-3/propEnergyFlux.owl,measurement;energy,
SweetRasking2005,SWEET - NASA - Raskin - Weather,v1gDdrsAAAAJ,u5HHmVD_uO8C,http://sweet.jpl.nasa.gov/2.3/propFraction.owl,SWEET2-3/propFraction.owl,measurement,
SweetRasking2005,SWEET - NASA - Raskin - Weather,v1gDdrsAAAAJ,u5HHmVD_uO8C,http://sweet.jpl.nasa.gov/2.3/propFunction.owl,SWEET2-3/propFunction.owl,measurement,
SweetRasking2005,SWEET - NASA - Raskin - Weather,v1gDdrsAAAAJ,u5HHmVD_uO8C,http://sweet.jpl.nasa.gov/2.3/propIndex.owl,SWEET2-3/propIndex.owl,measurement,
SweetRasking2005,SWEET - NASA - Raskin - Weather,v1gDdrsAAAAJ,u5HHmVD_uO8C,http://sweet.jpl.nasa.gov/2.3/propMass.owl,SWEET2-3/propMass.owl,measurement,
SweetRasking2005,SWEET - NASA - Raskin - Weather,v1gDdrsAAAAJ,u5HHmVD_uO8C,http://sweet.jpl.nasa.gov/2.3/propMassFlux.owl,SWEET2-3/propMassFlux.owl,measurement,
SweetRasking2005,SWEET - NASA - Raskin - Weather,v1gDdrsAAAAJ,u5HHmVD_uO8C,http://sweet.jpl.nasa.gov/2.3/propOrdinal.owl,SWEET2-3/propOrdinal.owl,measurement,
SweetRasking2005,SWEET - NASA - Raskin - Weather,v1gDdrsAAAAJ,u5HHmVD_uO8C,http://sweet.jpl.nasa.gov/2.3/propPressure.owl,SWEET2-3/propPressure.owl,measurement,
SweetRasking2005,SWEET - NASA - Raskin - Weather,v1gDdrsAAAAJ,u5HHmVD_uO8C,http://sweet.jpl.nasa.gov/2.3/propQuantity.owl,SWEET2-3/propQuantity.owl,measurement,
SweetRasking2005,SWEET - NASA - Raskin - Weather,v1gDdrsAAAAJ,u5HHmVD_uO8C,http://sweet.jpl.nasa.gov/2.3/propRotation.owl,SWEET2-3/propRotation.owl,measurement,
SweetRasking2005,SWEET - NASA - Raskin - Weather,v1gDdrsAAAAJ,u5HHmVD_uO8C,http://sweet.jpl.nasa.gov/2.3/propSpace.owl,SWEET2-3/propSpace.owl,measurement;location,
SweetRasking2005,SWEET - NASA - Raskin - Weather,v1gDdrsAAAAJ,u5HHmVD_uO8C,http://sweet.jpl.nasa.gov/2.3/propSpaceDirection.owl,SWEET2-3/propSpaceDirection.owl,measurement;location,
SweetRasking2005,SWEET - NASA - Raskin - Weather,v1gDdrsAAAAJ,u5HHmVD_uO8C,http://sweet.jpl.nasa.gov/2.3/propSpaceDistance.owl,SWEET2-3/propSpaceDistance.owl,measurement,
SweetRasking2005,SWEET - NASA - Raskin - Weather,v1gDdrsAAAAJ,u5HHmVD_uO8C,http://sweet.jpl.nasa.gov/2.3/propSpaceHeight.owl,SWEET2-3/propSpaceHeight.owl,measurement,
SweetRasking2005,SWEET - NASA - Raskin - Weather,v1gDdrsAAAAJ,u5HHmVD_uO8C,http://sweet.jpl.nasa.gov/2.3/propSpaceLocation.owl,SWEET2-3/propSpaceLocation.owl,measurement;location,
SweetRasking2005,SWEET - NASA - Raskin - Weather,v1gDdrsAAAAJ,u5HHmVD_uO8C,http://sweet.jpl.nasa.gov/2.3/propSpaceMultidimensional.owl,SWEET2-3/propSpaceMultidimensional.owl,measurement,
SweetRasking2005,SWEET - NASA - Raskin - Weather,v1gDdrsAAAAJ,u5HHmVD_uO8C,http://sweet.jpl.nasa.gov/2.3/propSpaceThickness.owl,SWEET2-3/propSpaceThickness.owl,measurement,
SweetRasking2005,SWEET - NASA - Raskin - Weather,v1gDdrsAAAAJ,u5HHmVD_uO8C,http://sweet.jpl.nasa.gov/2.3/propSpeed.owl,SWEET2-3/propSpeed.owl,measurement,
SweetRasking2005,SWEET - NASA - Raskin - Weather,v1gDdrsAAAAJ,u5HHmVD_uO8C,http://sweet.jpl.nasa.gov/2.3/propTemperature.owl,SWEET2-3/propTemperature.owl,measurement;weather,
SweetRasking2005,SWEET - NASA - Raskin - Weather,v1gDdrsAAAAJ,u5HHmVD_uO8C,http://sweet.jpl.nasa.gov/2.3/propTemperatureGradient.owl,SWEET2-3/propTemperatureGradient.owl,measurement;weather,
SweetRasking2005,SWEET - NASA - Raskin - Weather,v1gDdrsAAAAJ,u5HHmVD_uO8C,http://sweet.jpl.nasa.gov/2.3/propTime.owl,SWEET2-3/propTime.owl,measurement;time,
SweetRasking2005,SWEET - NASA - Raskin - Weather,v1gDdrsAAAAJ,u5HHmVD_uO8C,http://sweet.jpl.nasa.gov/2.3/propTimeFrequency.owl,SWEET2-3/propTimeFrequency.owl,measurement;time,
SweetRasking2005,SWEET - NASA - Raskin - Weather,v1gDdrsAAAAJ,u5HHmVD_uO8C,http://sweet.jpl.nasa.gov/2.3/realm.owl,SWEET2-3/realm.owl,environment,
SweetRasking2005,SWEET - NASA - Raskin - Weather,v1gDdrsAAAAJ,u5HHmVD_uO8C,http://sweet.jpl.nasa.gov/2.3/realmAstroBody.owl,SWEET2-3/realmAstroBody.owl,,
SweetRasking2005,SWEET - NASA - Raskin - Weather,v1gDdrsAAAAJ,u5HHmVD_uO8C,http://sweet.jpl.nasa.gov/2.3/realmAstroHelio.owl,SWEET2-3/realmAstroHelio.owl,,
SweetRasking2005,SWEET - NASA - Raskin - Weather,v1gDdrsAAAAJ,u5HHmVD_uO8C,http://sweet.jpl.nasa.gov/2.3/realmAstroStar.owl,SWEET2-3/realmAstroStar.owl,,
SweetRasking2005,SWEET - NASA - Raskin - Weather,v1gDdrsAAAAJ,u5HHmVD_uO8C,http://sweet.jpl.nasa.gov/2.3/realmAtmo.owl,SWEET2-3/realmAtmo.owl,,
SweetRasking2005,SWEET - NASA - Raskin - Weather,v1gDdrsAAAAJ,u5HHmVD_uO8C,http://sweet.jpl.nasa.gov/2.3/realmAtmoBoundaryLayer.owl,SWEET2-3/realmAtmoBoundaryLayer.owl,,
SweetRasking2005,SWEET - NASA - Raskin - Weather,v1gDdrsAAAAJ,u5HHmVD_uO8C,http://sweet.jpl.nasa.gov/2.3/realmAtmoWeather.owl,SWEET2-3/realmAtmoWeather.owl,weather,
SweetRasking2005,SWEET - NASA - Raskin - Weather,v1gDdrsAAAAJ,u5HHmVD_uO8C,http://sweet.jpl.nasa.gov/2.3/realmBiolBiome.owl,SWEET2-3/realmBiolBiome.owl,,
SweetRasking2005,SWEET - NASA - Raskin - Weather,v1gDdrsAAAAJ,u5HHmVD_uO8C,http://sweet.jpl.nasa.gov/2.3/realmClimateZone.owl,SWEET2-3/realmClimateZone.owl,weather,
SweetRasking2005,SWEET - NASA - Raskin - Weather,v1gDdrsAAAAJ,u5HHmVD_uO8C,http://sweet.jpl.nasa.gov/2.3/realmCryo.owl,SWEET2-3/realmCryo.owl,,
SweetRasking2005,SWEET - NASA - Raskin - Weather,v1gDdrsAAAAJ,u5HHmVD_uO8C,http://sweet.jpl.nasa.gov/2.3/realmEarthReference.owl,SWEET2-3/realmEarthReference.owl,,
SweetRasking2005,SWEET - NASA - Raskin - Weather,v1gDdrsAAAAJ,u5HHmVD_uO8C,http://sweet.jpl.nasa.gov/2.3/realmGeol.owl,SWEET2-3/realmGeol.owl,,
SweetRasking2005,SWEET - NASA - Raskin - Weather,v1gDdrsAAAAJ,u5HHmVD_uO8C,http://sweet.jpl.nasa.gov/2.3/realmGeolBasin.owl,SWEET2-3/realmGeolBasin.owl,,
SweetRasking2005,SWEET - NASA - Raskin - Weather,v1gDdrsAAAAJ,u5HHmVD_uO8C,http://sweet.jpl.nasa.gov/2.3/realmGeolConstituent.owl,SWEET2-3/realmGeolConstituent.owl,,
SweetRasking2005,SWEET - NASA - Raskin - Weather,v1gDdrsAAAAJ,u5HHmVD_uO8C,http://sweet.jpl.nasa.gov/2.3/realmGeolContinental.owl,SWEET2-3/realmGeolContinental.owl,,
SweetRasking2005,SWEET - NASA - Raskin - Weather,v1gDdrsAAAAJ,u5HHmVD_uO8C,http://sweet.jpl.nasa.gov/2.3/realmGeolOceanic.owl,SWEET2-3/realmGeolOceanic.owl,,
SweetRasking2005,SWEET - NASA - Raskin - Weather,v1gDdrsAAAAJ,u5HHmVD_uO8C,http://sweet.jpl.nasa.gov/2.3/realmGeolOrogen.owl,SWEET2-3/realmGeolOrogen.owl,,
SweetRasking2005,SWEET - NASA - Raskin - Weather,v1gDdrsAAAAJ,u5HHmVD_uO8C,http://sweet.jpl.nasa.gov/2.3/realmHydro.owl,SWEET2-3/realmHydro.owl,,
SweetRasking2005,SWEET - NASA - Raskin - Weather,v1gDdrsAAAAJ,u5HHmVD_uO8C,http://sweet.jpl.nasa.gov/2.3/realmHydroBody.owl,SWEET2-3/realmHydroBody.owl,,
SweetRasking2005,SWEET - NASA - Raskin - Weather,v1gDdrsAAAAJ,u5HHmVD_uO8C,http://sweet.jpl.nasa.gov/2.3/realmLandAeolian.owl,SWEET2-3/realmLandAeolian.owl,location,
SweetRasking2005,SWEET - NASA - Raskin - Weather,v1gDdrsAAAAJ,u5HHmVD_uO8C,http://sweet.jpl.nasa.gov/2.3/realmLandCoastal.owl,SWEET2-3/realmLandCoastal.owl,location,
SweetRasking2005,SWEET - NASA - Raskin - Weather,v1gDdrsAAAAJ,u5HHmVD_uO8C,http://sweet.jpl.nasa.gov/2.3/realmLandFluvial.owl,SWEET2-3/realmLandFluvial.owl,location,
SweetRasking2005,SWEET - NASA - Raskin - Weather,v1gDdrsAAAAJ,u5HHmVD_uO8C,http://sweet.jpl.nasa.gov/2.3/realmLandform.owl,SWEET2-3/realmLandform.owl,location,
SweetRasking2005,SWEET - NASA - Raskin - Weather,v1gDdrsAAAAJ,u5HHmVD_uO8C,http://sweet.jpl.nasa.gov/2.3/realmLandGlacial.owl,SWEET2-3/realmLandGlacial.owl,location,
SweetRasking2005,SWEET - NASA - Raskin - Weather,v1gDdrsAAAAJ,u5HHmVD_uO8C,http://sweet.jpl.nasa.gov/2.3/realmLandOrographic.owl,SWEET2-3/realmLandOrographic.owl,location,
SweetRasking2005,SWEET - NASA - Raskin - Weather,v1gDdrsAAAAJ,u5HHmVD_uO8C,http://sweet.jpl.nasa.gov/2.3/realmLandProtected.owl,SWEET2-3/realmLandProtected.owl,location,
SweetRasking2005,SWEET - NASA - Raskin - Weather,v1gDdrsAAAAJ,u5HHmVD_uO8C,http://sweet.jpl.nasa.gov/2.3/realmLandTectonic.owl,SWEET2-3/realmLandTectonic.owl,location,
SweetRasking2005,SWEET - NASA - Raskin - Weather,v1gDdrsAAAAJ,u5HHmVD_uO8C,http://sweet.jpl.nasa.gov/2.3/realmLandVolcanic.owl,SWEET2-3/realmLandVolcanic.owl,location,
SweetRasking2005,SWEET - NASA - Raskin - Weather,v1gDdrsAAAAJ,u5HHmVD_uO8C,http://sweet.jpl.nasa.gov/2.3/realmOcean.owl,SWEET2-3/realmOcean.owl,environment;water,
SweetRasking2005,SWEET - NASA - Raskin - Weather,v1gDdrsAAAAJ,u5HHmVD_uO8C,http://sweet.jpl.nasa.gov/2.3/realmOceanFeature.owl,SWEET2-3/realmOceanFeature.owl,environment;water,
SweetRasking2005,SWEET - NASA - Raskin - Weather,v1gDdrsAAAAJ,u5HHmVD_uO8C,http://sweet.jpl.nasa.gov/2.3/realmOceanFloor.owl,SWEET2-3/realmOceanFloor.owl,environment;water,
SweetRasking2005,SWEET - NASA - Raskin - Weather,v1gDdrsAAAAJ,u5HHmVD_uO8C,http://sweet.jpl.nasa.gov/2.3/realmRegion.owl,SWEET2-3/realmRegion.owl,location,
SweetRasking2005,SWEET - NASA - Raskin - Weather,v1gDdrsAAAAJ,u5HHmVD_uO8C,http://sweet.jpl.nasa.gov/2.3/realmSoil.owl,SWEET2-3/realmSoil.owl,environment,
SweetRasking2005,SWEET - NASA - Raskin - Weather,v1gDdrsAAAAJ,u5HHmVD_uO8C,http://sweet.jpl.nasa.gov/2.3/rela.owl,SWEET2-3/rela.owl,,
SweetRasking2005,SWEET - NASA - Raskin - Weather,v1gDdrsAAAAJ,u5HHmVD_uO8C,http://sweet.jpl.nasa.gov/2.3/relaChemical.owl,SWEET2-3/relaChemical.owl,,
SweetRasking2005,SWEET - NASA - Raskin - Weather,v1gDdrsAAAAJ,u5HHmVD_uO8C,http://sweet.jpl.nasa.gov/2.3/relaClimate.owl,SWEET2-3/relaClimate.owl,weather,
SweetRasking2005,SWEET - NASA - Raskin - Weather,v1gDdrsAAAAJ,u5HHmVD_uO8C,http://sweet.jpl.nasa.gov/2.3/relaHuman.owl,SWEET2-3/relaHuman.owl,user,
SweetRasking2005,SWEET - NASA - Raskin - Weather,v1gDdrsAAAAJ,u5HHmVD_uO8C,http://sweet.jpl.nasa.gov/2.3/relaMath.owl,SWEET2-3/relaMath.owl,,
SweetRasking2005,SWEET - NASA - Raskin - Weather,v1gDdrsAAAAJ,u5HHmVD_uO8C,http://sweet.jpl.nasa.gov/2.3/relaPhysical.owl,SWEET2-3/relaPhysical.owl,,
SweetRasking2005,SWEET - NASA - Raskin - Weather,v1gDdrsAAAAJ,u5HHmVD_uO8C,http://sweet.jpl.nasa.gov/2.3/relaProvenance.owl,SWEET2-3/relaProvenance.owl,,
SweetRasking2005,SWEET - NASA - Raskin - Weather,v1gDdrsAAAAJ,u5HHmVD_uO8C,http://sweet.jpl.nasa.gov/2.3/relaSci.owl,SWEET2-3/relaSci.owl,,
SweetRasking2005,SWEET - NASA - Raskin - Weather,v1gDdrsAAAAJ,u5HHmVD_uO8C,http://sweet.jpl.nasa.gov/2.3/relaSpace.owl,SWEET2-3/relaSpace.owl,location,
SweetRasking2005,SWEET - NASA - Raskin - Weather,v1gDdrsAAAAJ,u5HHmVD_uO8C,http://sweet.jpl.nasa.gov/2.3/relaTime.owl,SWEET2-3/relaTime.owl,time,
SweetRasking2005,SWEET - NASA - Raskin - Weather,v1gDdrsAAAAJ,u5HHmVD_uO8C,http://sweet.jpl.nasa.gov/2.3/repr.owl,SWEET2-3/repr.owl,measurement,
SweetRasking2005,SWEET - NASA - Raskin - Weather,v1gDdrsAAAAJ,u5HHmVD_uO8C,http://sweet.jpl.nasa.gov/2.3/reprDataFormat.owl,SWEET2-3/reprDataFormat.owl,measurement,
SweetRasking2005,SWEET - NASA - Raskin - Weather,v1gDdrsAAAAJ,u5HHmVD_uO8C,http://sweet.jpl.nasa.gov/2.3/reprDataModel.owl,SWEET2-3/reprDataModel.owl,measurement,
SweetRasking2005,SWEET - NASA - Raskin - Weather,v1gDdrsAAAAJ,u5HHmVD_uO8C,http://sweet.jpl.nasa.gov/2.3/reprDataProduct.owl,SWEET2-3/reprDataProduct.owl,measurement;product,
SweetRasking2005,SWEET - NASA - Raskin - Weather,v1gDdrsAAAAJ,u5HHmVD_uO8C,http://sweet.jpl.nasa.gov/2.3/reprDataService.owl,SWEET2-3/reprDataService.owl,measurement;service,
SweetRasking2005,SWEET - NASA - Raskin - Weather,v1gDdrsAAAAJ,u5HHmVD_uO8C,http://sweet.jpl.nasa.gov/2.3/reprDataServiceAnalysis.owl,SWEET2-3/reprDataServiceAnalysis.owl,measurement;service,
SweetRasking2005,SWEET - NASA - Raskin - Weather,v1gDdrsAAAAJ,u5HHmVD_uO8C,http://sweet.jpl.nasa.gov/2.3/reprDataServiceGeospatial.owl,SWEET2-3/reprDataServiceGeospatial.owl,measurement;service,
SweetRasking2005,SWEET - NASA - Raskin - Weather,v1gDdrsAAAAJ,u5HHmVD_uO8C,http://sweet.jpl.nasa.gov/2.3/reprDataServiceReduction.owl,SWEET2-3/reprDataServiceReduction.owl,measurement;service,
SweetRasking2005,SWEET - NASA - Raskin - Weather,v1gDdrsAAAAJ,u5HHmVD_uO8C,http://sweet.jpl.nasa.gov/2.3/reprDataServiceValidation.owl,SWEET2-3/reprDataServiceValidation.owl,measurement;service,
SweetRasking2005,SWEET - NASA - Raskin - Weather,v1gDdrsAAAAJ,u5HHmVD_uO8C,http://sweet.jpl.nasa.gov/2.3/reprMath.owl,SWEET2-3/reprMath.owl,measurement,
SweetRasking2005,SWEET - NASA - Raskin - Weather,v1gDdrsAAAAJ,u5HHmVD_uO8C,http://sweet.jpl.nasa.gov/2.3/reprMathFunction.owl,SWEET2-3/reprMathFunction.owl,measurement,
SweetRasking2005,SWEET - NASA - Raskin - Weather,v1gDdrsAAAAJ,u5HHmVD_uO8C,http://sweet.jpl.nasa.gov/2.3/reprMathFunctionOrthogonal.owl,SWEET2-3/reprMathFunctionOrthogonal.owl,measurement,
SweetRasking2005,SWEET - NASA - Raskin - Weather,v1gDdrsAAAAJ,u5HHmVD_uO8C,http://sweet.jpl.nasa.gov/2.3/reprMathGraph.owl,SWEET2-3/reprMathGraph.owl,measurement,
SweetRasking2005,SWEET - NASA - Raskin - Weather,v1gDdrsAAAAJ,u5HHmVD_uO8C,http://sweet.jpl.nasa.gov/2.3/reprMathOperation.owl,SWEET2-3/reprMathOperation.owl,measurement,
SweetRasking2005,SWEET - NASA - Raskin - Weather,v1gDdrsAAAAJ,u5HHmVD_uO8C,http://sweet.jpl.nasa.gov/2.3/reprMathSolution.owl,SWEET2-3/reprMathSolution.owl,measurement,
SweetRasking2005,SWEET - NASA - Raskin - Weather,v1gDdrsAAAAJ,u5HHmVD_uO8C,http://sweet.jpl.nasa.gov/2.3/reprMathStatistics.owl,SWEET2-3/reprMathStatistics.owl,measurement,
SweetRasking2005,SWEET - NASA - Raskin - Weather,v1gDdrsAAAAJ,u5HHmVD_uO8C,http://sweet.jpl.nasa.gov/2.3/reprSciComponent.owl,SWEET2-3/reprSciComponent.owl,measurement,
SweetRasking2005,SWEET - NASA - Raskin - Weather,v1gDdrsAAAAJ,u5HHmVD_uO8C,http://sweet.jpl.nasa.gov/2.3/reprSciFunction.owl,SWEET2-3/reprSciFunction.owl,measurement,
SweetRasking2005,SWEET - NASA - Raskin - Weather,v1gDdrsAAAAJ,u5HHmVD_uO8C,http://sweet.jpl.nasa.gov/2.3/reprSciLaw.owl,SWEET2-3/reprSciLaw.owl,measurement,
SweetRasking2005,SWEET - NASA - Raskin - Weather,v1gDdrsAAAAJ,u5HHmVD_uO8C,http://sweet.jpl.nasa.gov/2.3/reprSciMethodology.owl,SWEET2-3/reprSciMethodology.owl,measurement,
SweetRasking2005,SWEET - NASA - Raskin - Weather,v1gDdrsAAAAJ,u5HHmVD_uO8C,http://sweet.jpl.nasa.gov/2.3/reprSciModel.owl,SWEET2-3/reprSciModel.owl,measurement,
SweetRasking2005,SWEET - NASA - Raskin - Weather,v1gDdrsAAAAJ,u5HHmVD_uO8C,http://sweet.jpl.nasa.gov/2.3/reprSciProvenance.owl,SWEET2-3/reprSciProvenance.owl,measurement,
SweetRasking2005,SWEET - NASA - Raskin - Weather,v1gDdrsAAAAJ,u5HHmVD_uO8C,http://sweet.jpl.nasa.gov/2.3/reprSciUnits.owl,SWEET2-3/reprSciUnits.owl,measurement;unit,
SweetRasking2005,SWEET - NASA - Raskin - Weather,v1gDdrsAAAAJ,u5HHmVD_uO8C,http://sweet.jpl.nasa.gov/2.3/reprSpace.owl,SWEET2-3/reprSpace.owl,measurement;location,
SweetRasking2005,SWEET - NASA - Raskin - Weather,v1gDdrsAAAAJ,u5HHmVD_uO8C,http://sweet.jpl.nasa.gov/2.3/reprSpaceCoordinate.owl,SWEET2-3/reprSpaceCoordinate.owl,measurement;location,
SweetRasking2005,SWEET - NASA - Raskin - Weather,v1gDdrsAAAAJ,u5HHmVD_uO8C,http://sweet.jpl.nasa.gov/2.3/reprSpaceDirection.owl,SWEET2-3/reprSpaceDirection.owl,measurement;location,
SweetRasking2005,SWEET - NASA - Raskin - Weather,v1gDdrsAAAAJ,u5HHmVD_uO8C,http://sweet.jpl.nasa.gov/2.3/reprSpaceGeometry.owl,SWEET2-3/reprSpaceGeometry.owl,measurement;location,
SweetRasking2005,SWEET - NASA - Raskin - Weather,v1gDdrsAAAAJ,u5HHmVD_uO8C,http://sweet.jpl.nasa.gov/2.3/reprSpaceGeometry3D.owl,SWEET2-3/reprSpaceGeometry3D.owl,measurement;location,
SweetRasking2005,SWEET - NASA - Raskin - Weather,v1gDdrsAAAAJ,u5HHmVD_uO8C,http://sweet.jpl.nasa.gov/2.3/reprSpaceReferenceSystem.owl,SWEET2-3/reprSpaceReferenceSystem.owl,measurement;location,
SweetRasking2005,SWEET - NASA - Raskin - Weather,v1gDdrsAAAAJ,u5HHmVD_uO8C,http://sweet.jpl.nasa.gov/2.3/reprTime.owl,SWEET2-3/reprTime.owl,measurement;time,
SweetRasking2005,SWEET - NASA - Raskin - Weather,v1gDdrsAAAAJ,u5HHmVD_uO8C,http://sweet.jpl.nasa.gov/2.3/reprTimeDay.owl,SWEET2-3/reprTimeDay.owl,measurement;time,
SweetRasking2005,SWEET - NASA - Raskin - Weather,v1gDdrsAAAAJ,u5HHmVD_uO8C,http://sweet.jpl.nasa.gov/2.3/reprTimeSeason.owl,SWEET2-3/reprTimeSeason.owl,measurement;time,
SweetRasking2005,SWEET - NASA - Raskin - Weather,v1gDdrsAAAAJ,u5HHmVD_uO8C,http://sweet.jpl.nasa.gov/2.3/state.owl,SWEET2-3/state.owl,,
SweetRasking2005,SWEET - NASA - Raskin - Weather,v1gDdrsAAAAJ,u5HHmVD_uO8C,http://sweet.jpl.nasa.gov/2.3/stateBiological.owl,SWEET2-3/stateBiological.owl,environment;health,
SweetRasking2005,SWEET - NASA - Raskin - Weather,v1gDdrsAAAAJ,u5HHmVD_uO8C,http://sweet.jpl.nasa.gov/2.3/stateChemical.owl,SWEET2-3/stateChemical.owl,environment,
SweetRasking2005,SWEET - NASA - Raskin - Weather,v1gDdrsAAAAJ,u5HHmVD_uO8C,http://sweet.jpl.nasa.gov/2.3/stateDataProcessing.owl,SWEET2-3/stateDataProcessing.owl,context,
SweetRasking2005,SWEET - NASA - Raskin - Weather,v1gDdrsAAAAJ,u5HHmVD_uO8C,http://sweet.jpl.nasa.gov/2.3/stateEnergyFlux.owl,SWEET2-3/stateEnergyFlux.owl,energy,
SweetRasking2005,SWEET - NASA - Raskin - Weather,v1gDdrsAAAAJ,u5HHmVD_uO8C,http://sweet.jpl.nasa.gov/2.3/stateFluid.owl,SWEET2-3/stateFluid.owl,,
SweetRasking2005,SWEET - NASA - Raskin - Weather,v1gDdrsAAAAJ,u5HHmVD_uO8C,http://sweet.jpl.nasa.gov/2.3/stateOrdinal.owl,SWEET2-3/stateOrdinal.owl,,
SweetRasking2005,SWEET - NASA - Raskin - Weather,v1gDdrsAAAAJ,u5HHmVD_uO8C,http://sweet.jpl.nasa.gov/2.3/statePhysical.owl,SWEET2-3/statePhysical.owl,environment,
SweetRasking2005,SWEET - NASA - Raskin - Weather,v1gDdrsAAAAJ,u5HHmVD_uO8C,http://sweet.jpl.nasa.gov/2.3/stateRealm.owl,SWEET2-3/stateRealm.owl,location,
SweetRasking2005,SWEET - NASA - Raskin - Weather,v1gDdrsAAAAJ,u5HHmVD_uO8C,http://sweet.jpl.nasa.gov/2.3/stateRole.owl,SWEET2-3/stateRole.owl,user,
SweetRasking2005,SWEET - NASA - Raskin - Weather,v1gDdrsAAAAJ,u5HHmVD_uO8C,http://sweet.jpl.nasa.gov/2.3/stateRoleBiological.owl,SWEET2-3/stateRoleBiological.owl,environment,
SweetRasking2005,SWEET - NASA - Raskin - Weather,v1gDdrsAAAAJ,u5HHmVD_uO8C,http://sweet.jpl.nasa.gov/2.3/stateRoleChemical.owl,SWEET2-3/stateRoleChemical.owl,environment,
SweetRasking2005,SWEET - NASA - Raskin - Weather,v1gDdrsAAAAJ,u5HHmVD_uO8C,http://sweet.jpl.nasa.gov/2.3/stateRoleGeographic.owl,SWEET2-3/stateRoleGeographic.owl,location,
SweetRasking2005,SWEET - NASA - Raskin - Weather,v1gDdrsAAAAJ,u5HHmVD_uO8C,http://sweet.jpl.nasa.gov/2.3/stateRoleImpact.owl,SWEET2-3/stateRoleImpact.owl,measurement,
SweetRasking2005,SWEET - NASA - Raskin - Weather,v1gDdrsAAAAJ,u5HHmVD_uO8C,http://sweet.jpl.nasa.gov/2.3/stateRoleRepresentative.owl,SWEET2-3/stateRoleRepresentative.owl,measurement,
SweetRasking2005,SWEET - NASA - Raskin - Weather,v1gDdrsAAAAJ,u5HHmVD_uO8C,http://sweet.jpl.nasa.gov/2.3/stateRoleTrust.owl,SWEET2-3/stateRoleTrust.owl,measurement,
SweetRasking2005,SWEET - NASA - Raskin - Weather,v1gDdrsAAAAJ,u5HHmVD_uO8C,http://sweet.jpl.nasa.gov/2.3/stateSolid.owl,SWEET2-3/stateSolid.owl,measurement,
SweetRasking2005,SWEET - NASA - Raskin - Weather,v1gDdrsAAAAJ,u5HHmVD_uO8C,http://sweet.jpl.nasa.gov/2.3/stateSpace.owl,SWEET2-3/stateSpace.owl,measurement;location,
SweetRasking2005,SWEET - NASA - Raskin - Weather,v1gDdrsAAAAJ,u5HHmVD_uO8C,http://sweet.jpl.nasa.gov/2.3/stateSpaceConfiguration.owl,SWEET2-3/stateSpaceConfiguration.owl,measurement,
SweetRasking2005,SWEET - NASA - Raskin - Weather,v1gDdrsAAAAJ,u5HHmVD_uO8C,http://sweet.jpl.nasa.gov/2.3/stateSpaceScale.owl,SWEET2-3/stateSpaceScale.owl,measurement,
SweetRasking2005,SWEET - NASA - Raskin - Weather,v1gDdrsAAAAJ,u5HHmVD_uO8C,http://sweet.jpl.nasa.gov/2.3/stateSpectralBand.owl,SWEET2-3/stateSpectralBand.owl,measurement,
SweetRasking2005,SWEET - NASA - Raskin - Weather,v1gDdrsAAAAJ,u5HHmVD_uO8C,http://sweet.jpl.nasa.gov/2.3/stateSpectralLine.owl,SWEET2-3/stateSpectralLine.owl,measurement,
SweetRasking2005,SWEET - NASA - Raskin - Weather,v1gDdrsAAAAJ,u5HHmVD_uO8C,http://sweet.jpl.nasa.gov/2.3/stateStorm.owl,SWEET2-3/stateStorm.owl,measurement;weather,
SweetRasking2005,SWEET - NASA - Raskin - Weather,v1gDdrsAAAAJ,u5HHmVD_uO8C,http://sweet.jpl.nasa.gov/2.3/stateSystem.owl,SWEET2-3/stateSystem.owl,measurement,
SweetRasking2005,SWEET - NASA - Raskin - Weather,v1gDdrsAAAAJ,u5HHmVD_uO8C,http://sweet.jpl.nasa.gov/2.3/stateThermodynamic.owl,SWEET2-3/stateThermodynamic.owl,measurement,
SweetRasking2005,SWEET - NASA - Raskin - Weather,v1gDdrsAAAAJ,u5HHmVD_uO8C,http://sweet.jpl.nasa.gov/2.3/stateTime.owl,SWEET2-3/stateTime.owl,measurement;time,
SweetRasking2005,SWEET - NASA - Raskin - Weather,v1gDdrsAAAAJ,u5HHmVD_uO8C,http://sweet.jpl.nasa.gov/2.3/stateTimeCycle.owl,SWEET2-3/stateTimeCycle.owl,measurement;time,
SweetRasking2005,SWEET - NASA - Raskin - Weather,v1gDdrsAAAAJ,u5HHmVD_uO8C,http://sweet.jpl.nasa.gov/2.3/stateTimeFrequency.owl,SWEET2-3/stateTimeFrequency.owl,measurement;time,
SweetRasking2005,SWEET - NASA - Raskin - Weather,v1gDdrsAAAAJ,u5HHmVD_uO8C,http://sweet.jpl.nasa.gov/2.3/stateTimeGeologic.owl,SWEET2-3/stateTimeGeologic.owl,measurement;time,
SweetRasking2005,SWEET - NASA - Raskin - Weather,v1gDdrsAAAAJ,u5HHmVD_uO8C,http://sweet.jpl.nasa.gov/2.3/stateVisibility.owl,SWEET2-3/stateVisibility.owl,measurement,
WeatherOpengis,Weather opengis,"https://scholar.google.lu/scholar?cites=2550845883396351158&as_sdt=2005&sciodt=0,5&hl=de",linkId,http://www.ll.mit.edu/2008/extras.owl,wx_ont/extras.owl,weather,
WeatherOpengis,Weather opengis,"https://scholar.google.lu/scholar?cites=2550845883396351158&as_sdt=2005&sciodt=0,5&hl=de",linkId,http://www.ll.mit.edu/2008/llSci.owl,wx_ont/llSci.owl,measurement,
WeatherOpengis,Weather opengis,"https://scholar.google.lu/scholar?cites=2550845883396351158&as_sdt=2005&sciodt=0,5&hl=de",linkId,http://www.ll.mit.edu/ontologies/2008/measurement.owl,wx_ont/measurement.owl,measurement,
WeatherOpengis,Weather opengis,"https://scholar.google.lu/scholar?cites=2550845883396351158&as_sdt=2005&sciodt=0,5&hl=de",linkId,http://www.ll.mit.edu/2008/precipitation.owl,wx_ont/precipitation.owl,weather,
WeatherOpengis,Weather opengis,"https://scholar.google.lu/scholar?cites=2550845883396351158&as_sdt=2005&sciodt=0,5&hl=de",linkId,http://www.ll.mit.edu/2008/wind.owl,wx_ont/wind.owl,weather;wind,
GyrardTourism2014,Gyrard et al.,sUgbvKoAAAAJ,zYLM7Y9cAGgC,http://sensormeasurement.appspot.com/ont/m3/tourism,tourism.owl,tourism,
Chien,Chien et al.,"https://scholar.google.lu/scholar?cites=1717017940557181356&as_sdt=2005&sciodt=0,5&hl=de",linkId,http://www.owl-ontologies.com/SunMoonLakeOntology.owl,SunMoonLakeChien.owl,tourism,cloud cover sensor;sun position elevation sensor;solar radiation sensor
Ziafati2011,Ziafati et al.,7x5zhBMAAAAJ,u-x6o8ySG0sC,http://www.owl-ontologies.com/OCATIS.owl,ocatis.owl,tourism,
Sabou2009,Sabou et al.,kkbdIV0AAAAJ,WbkHhVStYXYC,http://www.modul.ac.at/ontology/TourismOntology.owl,TourismOntology.owl,tourism,
QallMe,Ou et al. QALL-ME,wZg3myQAAAAJ,9yKSN-GCB0IC,http://qallme.itc.it/ontology/qallme-tourism.owl,qallme-tourism4.0.owl,tourism,
Proton,Proton,MoKQ58UAAAAJ,Se3iqnhoufwC,http://www.ontotext.com/proton/protontop,proton.owl,tourism,
Taga,TAGA,p5oWQ0AAAAAJ,JV2RwH3_ST0C,http://taga.umbc.edu/travel.owl,taga-travel.owl,tourism,
George,David George,No publication,,http://www.livewiredg.myby.co.uk/rdf/geo-layers/Tourism/tourism-uk.owl,tourism-uk.owl,tourism,
Konlakorn,Konlakorn,PCe4CO0AAAAJ,isU91gLudPYC,http://sensormeasurement.appspot.com/ont/home/homeActivity,homeActivity.owl,activity;smart home;context,pressure sensor;occupancy detector;gyroscope sensor;ultrasonic sensor;water flow;magnetometer;coffee machine;fridge;computer;shower;sink;TV;lavatory;broom;book;mop;bed
DemaCare,"Meditskos, Vasileios, Antoniou, Coyle, Stevenson, Ye, Dobson - Ontonym",s1JMKSAAAAAJ,MXK_kJrjxJIC,http://www.demcare.eu/ontologies/lab.owl,demcare/lab.owl,smart home;health;activity;context,
DemaCareEvent,"Meditskos, Vasileios, Antoniou, Coyle, Stevenson, Ye, Dobson - Ontonym",s1JMKSAAAAAJ,MXK_kJrjxJIC,http://www.demcare.eu/ontologies/event.owl,demcare/event.owl,smart home;event,
DemaCareHome,"Meditskos, Vasileios, Antoniou, Coyle, Stevenson, Ye, Dobson - Ontonym",s1JMKSAAAAAJ,MXK_kJrjxJIC,http://www.demcare.eu/ontologies/home.owl,demcare/home.owl,smart home;health;activity;context,
DogOnt,"Bonino, Corno, Razzak et al.,",11G6reMAAAAJ,d1gkVwhDpl0C,http://elite.polito.it/ontologies/dogont.owl,dogont.owl,smart home,thermometer;co2 sensor;light sensor;humidity sensor;smoke detector;occupancy detector;gas detector;window;door
DogOnt,"Bonino, Corno, Razzak et al.,",11G6reMAAAAJ,ldfaerwXgEUC,http://elite.polito.it/ontologies/poweront.owl,poweront.owl,energy;sensor;actuator,
Rodriguez,Diaz Rodriguez et al.,aia6ZgYAAAAJ,ILKRHgRFtOwC,http://users.abo.fi/ndiaz/public/HumanActivity.owl,FuzzyHumanBehaviourV11.owl,smart home;activity;behaviour,thermometer;pressure sensor;light sensor;sound sensor;humidity sensor
Rodriguez,Diaz Rodriguez et al.,aia6ZgYAAAAJ,Tyk-4Ss8FVUC,http://www.semanticweb.org/ontologies/2013/2/KinectOntology.owl,KinectOntology.owl,smart home;activity,
Riboni,"Riboni, Bettini, Helaoui et al.",D0PowGAAAAAJ,UeHWp8X0CEIC,http://webmind.dico.unimi.it/CARE/locont.owl,locont-2.0.owl,smart home;activity,thermometer;light sensor;humidity sensor;blood pressure sensor;athmospheric pressure sensor;heart beat sensor;accelerometer;sound sensor
Bonsai,Bonsai - Stavropoulos,-9NsD6gAAAAJ,9yKSN-GCB0IC,http://lpis.csd.auth.gr/ontologies/bonsai/BOnSAI.owl,BOnSAI.owl,smart home,thermometer;athmospheric pressure sensor;co2 sensor;light sensor;sound sensor;humidity sensor;
Kofler,Kofler et al. - ThinkHome -,vbjrIPcAAAAJ,Y0pCki6q_DkC,https://www.auto.tuwien.ac.at/downloads/thinkhome/ontology/WeatherOntology.owl,ThinkHome/WeatherOntology.owl,weather,
Kofler,Kofler et al. - ThinkHome -,vbjrIPcAAAAJ,Y0pCki6q_DkC,https://www.auto.tuwien.ac.at/downloads/thinkhome/ontology/ProcessOntology.owl,ThinkHome/ProcessOntology.owl,process,
Kofler,Kofler et al. - ThinkHome -,vbjrIPcAAAAJ,Y0pCki6q_DkC,https://www.auto.tuwien.ac.at/downloads/thinkhome/ontology/EnergyResourceOntology.owl,ThinkHome/EnergyResourceOntology.owl,energy;sensor,thermometer;air pollutant sensor;heating;window;light sensor;occupancy detector;cloud cover sensor;humidity sensor;solar radiation sensor;washing machine;dishwasher;ventilation;wind speed sensor;precipitation sensor
Kofler,Kofler et al. - ThinkHome -,vbjrIPcAAAAJ,Y0pCki6q_DkC,https://www.auto.tuwien.ac.at/downloads/thinkhome/ontology/BuildingOntology.owl,ThinkHome/BuildingOntology.owl,building,
Kofler,Kofler et al. - ThinkHome -,vbjrIPcAAAAJ,Y0pCki6q_DkC,https://www.auto.tuwien.ac.at/downloads/thinkhome/ontology/ActorOntology.owl,ThinkHome/ActorOntology.owl,smart home;user,
Abdulrazak2010,"Abdulrazak, Chikhaoui et al.",moRsZ2kAAAAJ,W7OEmFMy1HYC,http://www.owl-ontologies.com/Environment.owl,EnvironmentModelV4.owl,smart home;environment,
Manate2014,Manate et al.,OcbzZUQAAAAJ,_FxGoFyzp5QC,http://www.semanticweb.org/bogdan/ontologies/2013/11/cisis,Hospital.owl,health,
Yao2013,"Wen Yao, Akhil Kumar et al.",l1rdsXUAAAAJ,Se3iqnhoufwC,http://www.owl-ontologies.com/Ontology1254773129.owl,ClinicalContext.owl,health;context,
Yao2013Hospital,"Wen Yao, Akhil Kumar et al.",l1rdsXUAAAAJ,UeHWp8X0CEIC,http://www.owl-ontologies.com/HospitalOntology.owl,hospital_ontology_2_yao.owl,health;context,
Hennessy2013,"Hennessy, Ray et al.",2oNi7DkAAAAJ,blknAaTinKkC,http://www.cmusv.edu/SmartCommunity/CombinedModel/5.0/CoreSCModel,SC/CoreSCModel.ttl,health;sensor;smart home,
Hennessy2013,"Hennessy, Ray et al.",2oNi7DkAAAAJ,blknAaTinKkC,http://cmusv/hsl,SC/HSL.ttl,health;sensor;smart home,
Liu2013,"Liu, Brandt, Lukkien",uFdeTMkAAAAJ,IjCSPb-OGe4C,http://www.semanticweb.org/ontologies/2013/2/Measurement_Ontology.owl,Measurement_Ontology_Brandt.owl,health,
Paganelli,"Paganelli, Giuli",4pjeAWcAAAAJ,4TOpqqG69KYC,http://www.owl-ontologies.com/kamer/patient.owl,kamer/PatientCM.owl,health;smart home;context;user,pulse oxymeter;body thermometer;gas detector;thermometer;humidity sensor;smoke detector;heart beat sensor;blood pressure sensor
Paganelli,"Paganelli, Giuli",4pjeAWcAAAAJ,4TOpqqG69KYC,http://www.owl-ontologies.com/kamer/notificationPolicy.owl,kamer/AlarmPolicy.owl,health;policy,
Mazuel2009,Mazuel et al.,grieP_gAAAAJ,7PzlFSSx8tAC,http://doe-generated-ontology.com/OntoReaChir,OntoReaChir_20090611.owl,health,
Morignot,"Morignot, Pollard et al.",u2I2pDUAAAAJ,2osOgNQ5qMEC,http://www.semanticweb.org/morignot/ontologies/2013/1/perception,Morignot/Perception.owl,transportation;measurement,
Morignot,"Morignot, Pollard et al.",u2I2pDUAAAAJ,2osOgNQ5qMEC,http://www.semanticweb.org/philippemorignot/ontologies/2012/5/cas6,Morignot/cas6.owl,transportation,
MartinHeppVehicle,Martin Hepp Vehicle & Tourism,"https://scholar.google.lu/scholar?cites=16826798489058392490&as_sdt=2005&sciodt=0,5&hl=de",linkId,http://purl.org/vso/ns,VehicleSales.owl,transportation;vehicle,
Fuchs,"Grausberg, Fuchs, Kyamakya, Rass et al.",loSUysEAAAAJ,9yKSN-GCB0IC,http://vi.uni-klu.ac.at/ontology/DrivingContext.owl,DrivingContext.owl,transportation;vehicle;context,distance sensor;speed sensor;thermometer;gps sensor;road surface thermometer
Naturopathy,Gyrard et al.,sUgbvKoAAAAJ,zYLM7Y9cAGgC,http://sensormeasurement.appspot.com/naturopathy,naturopathy.owl,food;health,
Pernici2008,"Pernici, Food tiscali",FUdUWB4AAAAJ,j3f4tGmQtD8C,http://web.tiscali.it/lchkl/ontology/FoodOntology.owl,FoodOntology.owl,food,
OpenSensingCityBike,OpenSensingCity (OSC),No publication,,http://opensensingcity.emse.fr/ontologies/bikesharing,OpenSensingCity/bikesharing.ttl,smart city;transportation,
OpenSensingCityParking,OpenSensingCity (OSC),No publication,,ttp://opensensingcity.emse.fr/ontologies/parking,OpenSensingCity/parking.ttl,smart city;transportation,
OpenSensingCityWeather,OpenSensingCity (OSC),No publication,,http://opensensingcity.emse.fr/ontologies/weather,OpenSensingCity/weather.ttl,smart city;weather,
,OpenSensingCity (OSC),5YHZ4VQAAAAJ,otzGkya1bYkC,http://opensensingcity.emse.fr/scans/entity,OpenSensingCity/SmartCityArtifacts.ttl,smart city,
Park2014Airport,Park,"https://scholar.google.lu/scholar?cites=17648070861597649050&as_sdt=2005&sciodt=0,5&hl=de",linkId,http://www.semanticweb.org/kpark/ontologies/2013/8/untitled-ontology-7,AirportOntology.owl,smart city;transportation;context,
StarCity,STAR-CITY - Lecue et al. (IBM),GLByS4gAAAAJ,GnPB-g6toBAC,http://www.ibm.com/SCTC/ontology/CoreSpatioTemporalDataSensorOntology.owl,STAR-CITY/CoreSpatioTemporalDataSensorOntology.owl,smart city;location,
StarCity,STAR-CITY - Lecue et al. (IBM),GLByS4gAAAAJ,GnPB-g6toBAC,http://www.ibm.com/SCTC/ontology/SIRIBasedTransportation.owl,STAR-CITY/SIRIBasedTransportation.owl,transportation;smart city,
StarCity,STAR-CITY - Lecue et al. (IBM),GLByS4gAAAAJ,GnPB-g6toBAC,http://www.ibm.com/SCTC/ontology/TravelTimeOntology.owl,STAR-CITY/TravelTimeOntology.owl,time;transportation,
StarCity,STAR-CITY - Lecue et al. (IBM),GLByS4gAAAAJ,GnPB-g6toBAC,http://www.ibm.com/SCTC/ontology/WeatherOntology/WeatherOntology.owl,STAR-CITY/WeatherOntology.owl,weather,
BelliniKM4City2014,Km4City - Sii Mobility Project - Bellini et al.,XPBWK5cAAAAJ,HKviVsUxM5wC,http://www.disit.org/km4city/resource,km4city.owl,smart city;service,
AccessingUnderworld2017Road,Du et al.,"https://scholar.google.lu/scholar?cites=16547002461366455645&as_sdt=2005&sciodt=0,5&hl=de",linkId,http://imash.leeds.ac.uk/ontologies/atu/RoadOntology.owl,Underworld/RoadOntology.omn,smart city;transportation,
AccessingUnderworld2017Pipe,Du et al.,"https://scholar.google.lu/scholar?cites=16547002461366455645&as_sdt=2005&sciodt=0,5&hl=de",linkId,http://imash.leeds.ac.uk/ontologies/atu/PipeOntology.owl,Underworld/PipeOntology.omn,smart city,
AccessingUnderworld2017Ground,Du et al.,"https://scholar.google.lu/scholar?cites=16547002461366455645&as_sdt=2005&sciodt=0,5&hl=de",linkId,http://imash.leeds.ac.uk/ontologies/atu/GroundOntology.owl,Underworld/GroundOntology.omn,smart city;location,
Raimond,Raimond,imPXOtoAAAAJ,u5HHmVD_uO8C,http://purl.org/ontology/mo,MusicOntology.owl,music,CD
Kanzaki,Kanzaki,"https://scholar.google.com/scholar?cites=4771293102308507385&as_sdt=2005&sciodt=0,5&hl=en",linkId,http://www.kanzaki.com/ns/music,MusicVocabulary.owl,music,CD
QUDT,"Hodgson et al, QUDT","https://scholar.google.lu/scholar?cites=2874178121166488627&as_sdt=2005&sciodt=0,5&hl=de",linkId,http://qudt.org/schema/qudt,qudt.rdf,unit;measurement,
QuantityKindLefortQU20,Lefort,"https://scholar.google.lu/scholar?cites=16011733143187269961&as_sdt=2005&sciodt=0,5&hl=de",linkId,http://purl.oclc.org/NET/ssnx/qu/qu-rec20,qu-rec20.owl,unit,
SUMO,"Pease et al., SUMO",_HErTC0AAAAJ,9yKSN-GCB0IC,http://www.ontologyportal.org/SUMO.owl,SUMO.owl,,
Mozzaquatro2015,Mozzaquatro et al.,iPiTpMQAAAAJ,hqOjcs7Dif8C,http://www-usr.inf.ufsm.br/~brunomozza/iotsec,IoTSecurity.owl,security;internet of things,
Gyrard2013,Gyrard et al.- STAC,sUgbvKoAAAAJ,RHpTSmoSYBkC,http://securitytoolbox.appspot.com/stac,STAC.owl,security,
Joshi2013Security,"Joshi (IDS), Undercoffer",i1bkfLsAAAAJ,d1gkVwhDpl0C,http://ebiquity.umbc.edu/ontologies/cybersecurity/ids/v2.2/IDSOntology.owl,IDSOntology.owl,security,
Evesti2013,Evesti Antti et al,_kOuLAYAAAAJ,zYLM7Y9cAGgC,http://sensormeasurement.appspot.com/ont/security/OMS_Ingles.owl,ISMO.owl,security;smart home,
Costabello2013,Costabello et al.,O1Blx4AAAAAJ,ufrVoPGSRksC,http://ns.inria.fr/prissma/v2,prissma_v2.ttl,security;context,
Salahi2013,"Salahi, Ansarinia","https://scholar.google.lu/scholar?cites=17679120897574658673&as_sdt=2005&sciodt=0,5&hl=de",linkId,http://itrc.ac.ir/ontologies/IncidentReportOntology,IncidentReportOntology.owl,security,
Frye2012,Frye,7_2bG-YAAAAJ,mB3voiENLucC,http://faculty.kutztown.edu/frye/res/onto/reason/tridso_v1/attack.owl,TRIDSOontology/attack.owl,security,
Frye2012,Frye,7_2bG-YAAAAJ,mB3voiENLucC,http://faculty.kutztown.edu/frye/res/onto/reason/tridso_v1/complexAttack.owl,TRIDSOontology/complexAttack.owl,security,
Frye2012,Frye,7_2bG-YAAAAJ,mB3voiENLucC,http://faculty.kutztown.edu/frye/res/onto/reason/tridso_v1/traffic.owl,TRIDSOontology/traffic.owl,security,
Kenfack2011,Kenfack - Sensor,1XgmxnMAAAAJ,u5HHmVD_uO8C,http://www.semanticweb.org/ontologies/2011/0/Ontology1296481820777.owl,instrusion_description_in_wsn.owl,security;sensor,
Lekhchine2009,Riad Lekhchine,https://scholar.google.lu/scholar?hl=de&as_sdt=0%2C5&q=Security+ontology+for+mobile+agents+protection+&btnG=,linkId,http://securitytoolbox.appspot.com/MASO,MASO.owl,security,
Herzog2007,Herzog,0T3zTgMAAAAJ,9yKSN-GCB0IC,http://www.ida.liu.se/~iislab/projects/secont/Security.owl,Security.owl,security,
Kim2005Security,Kim et al.,x7Ko8KoAAAAJ,u5HHmVD_uO8C,http://securitytoolbox.appspot.com/securityMain,securityMain.owl,security,
ConnectivityType,Connectivity Type,No publication,,http://www.tele.pw.edu.pl/~sims-onto/ConnectivityType.owl,ConnectivityType.owl,security,
Celdran2014,Celdran et al.,IFyGj20AAAAJ,u5HHmVD_uO8C,http://reclamo.inf.um.es/secoman/owl/LocationOntology.owl,secoman/LocationOntology.owl,location;context,
Celdran2014,Celdran et al.,IFyGj20AAAAJ,u5HHmVD_uO8C,http://reclamo.inf.um.es/secoman/owl/SupermarketOntology.owl,secoman/SupermarketOntology.owl,food,
DeliveryContext,Fonseca et al.,"https://scholar.google.lu/scholar?cites=624873834138443333&as_sdt=2005&sciodt=0,5&hl=de",linkId,http://www.w3.org/2007/uwa/context/deliverycontext.owl,deliveryContext.owl,context,